mask,blocks,first_source,cells,area,wns,tns,power_w,reward
0x0000,16,random_pilot,310,365.75,7.57505,0,4.70369e-05,75.38475
0x0001,1-15,single_split,361,436.772,7.34182,0,5.66171e-05,72.981428
0x0002,2-14,single_split,327,396.34,7.38636,0,5.26939e-05,73.46726
0x0004,3-13,single_split,366,431.186,7.32948,0,5.44947e-05,72.863614
0x0008,4-12,single_split,314,389.956,7.44202,0,5.20329e-05,74.030244
0x0010,5-11,single_split,282,360.962,7.47078,0,4.93161e-05,74.346838
0x0020,6-10,single_split,303,360.696,7.49698,0,4.79916e-05,74.609104
0x0040,7-9,single_split,279,348.992,7.48834,0,4.63468e-05,74.534408
0x0080,8-8,random_pilot,283,341.278,7.52156,0,4.64928e-05,74.874322
0x0100,9-7,single_split,286,334.362,7.53666,0,4.46281e-05,75.032238
0x01d8,4-1-2-1-1-7,online_evolution,301,363.622,7.45741,0,4.77187e-05,74.210478
0x01f8,4-1-1-1-1-1-7,online_evolution,327,403.788,7.4793,0,5.23337e-05,74.389212
0x01fa,2-2-1-1-1-1-1-7,online_evolution,325,399.798,7.35292,0,5.17491e-05,73.129402
0x0200,10-6,single_split,279,349.524,7.55682,0,4.7289e-05,75.218676
0x0284,3-5-2-6,random_pilot,313,395.276,7.43181,0,5.09881e-05,73.922824
0x0400,11-5,single_split,306,360.696,7.52475,0,4.57282e-05,74.886804
0x0569,1-3-2-1-2-2-5,random_pilot,277,356.174,7.43528,0,4.74975e-05,73.996626
0x0800,12-4,single_split,281,329.308,7.50794,0,4.29427e-05,74.750092
0x0888,4-4-4-4,random_pilot,294,361.76,7.49215,0,4.75639e-05,74.55974
0x0900,9-3-4,model_guided,305,371.336,7.49716,0,4.77271e-05,74.600264
0x0969,1-3-2-1-2-3-4,online_random,291,358.036,7.35354,0,4.78737e-05,73.177364
0x0a00,10-2-4,model_guided,283,335.958,7.51404,0,4.49765e-05,74.804442
0x0ba4,3-3-2-1-1-2-4,online_random,261,338.352,7.37594,0,4.55338e-05,73.421048
0x0c00,11-1-4,model_guided,297,365.75,7.5468,0,4.77559e-05,75.10225
0x1000,13-3,single_split,288,329.574,7.55729,0,4.33591e-05,75.243326
0x11c7,1-1-1-4-1-1-4-3,online_random,304,383.838,7.40373,0,4.88352e-05,73.653462
0x1200,10-3-3,model_guided,282,338.884,7.51622,0,4.53987e-05,74.823316
0x1207,1-1-1-7-3-3,online_random,294,365.75,7.40136,0,4.7391e-05,73.64785
0x1230,5-1-4-3-3,online_evolution,280,352.45,7.38424,0,4.71303e-05,73.48995
0x1350,5-2-2-1-3-3,online_evolution,263,338.884,7.32827,0,4.57365e-05,72.943816
0x13e9,1-3-2-1-1-1-1-3-3,online_random,324,396.606,7.35168,0,5.15515e-05,73.120194
0x1400,11-2-3,model_guided,283,332.766,7.47937,0,4.38368e-05,74.460934
0x1800,12-1-3,model_guided,300,356.44,7.53511,0,4.59106e-05,74.99466
0x1a23,1-1-4-4-2-1-3,online_evolution,293,359.1,7.41851,0,4.70578e-05,73.826
0x1a31,1-4-1-4-2-1-3,online_evolution,317,379.582,7.39286,0,4.84876e-05,73.549018
0x1a33,1-1-3-1-4-2-1-3,online_evolution,343,430.654,7.42216,0,5.55284e-05,73.790946
0x1b31,1-4-1-3-1-2-1-3,online_evolution,314,374.794,7.35917,0,4.74585e-05,73.216906
0x2000,14-2,single_split,305,347.928,7.56904,0,4.51988e-05,75.342472
0x2061,1-5-1-7-2,random_pilot,314,385.168,7.43015,0,5.16578e-05,73.916332
0x20b2,2-3-1-2-6-2,random_pilot,266,338.884,7.3656,0,4.63279e-05,73.317116
0x2100,9-5-2,model_guided,280,326.382,7.52306,0,4.40209e-05,74.904218
0x2200,10-4-2,model_guided,277,327.18,7.52158,0,4.36065e-05,74.88862
0x2400,11-3-2,model_guided,286,342.874,7.53162,0,4.53979e-05,74.973326
0x2800,12-2-2,model_guided,300,343.938,7.45096,0,4.53072e-05,74.165662
0x2851,1-4-2-5-2-2,online_random,272,345.534,7.32572,0,4.606e-05,72.911666
0x2aaa,2-2-2-2-2-2-2-2,random_pilot,290,365.75,7.34996,0,4.91895e-05,73.13385
0x2abe,2-1-1-1-1-2-2-2-2-2,online_evolution,298,352.45,7.30992,0,4.62482e-05,72.74675
0x3000,13-1-2,model_guided,312,364.154,7.54122,0,4.75431e-05,75.048046
0x3025,1-2-3-7-1-2,online_random,298,392.084,7.39455,0,5.3348e-05,73.553416
0x30c1,1-6-1-5-1-2,online_random,317,393.946,7.3708,0,5.0955e-05,73.314054
0x3dc2,2-5-1-1-2-1-1-1-2,random_pilot,315,386.498,7.3273,0,5.02665e-05,72.886502
0x3de2,2-4-1-1-1-2-1-1-1-2,online_random,308,373.464,7.23342,0,4.74528e-05,71.960736
0x4000,15-1,single_split,303,356.44,7.56898,0,4.55611e-05,75.33336
0x41f9,1-3-1-1-1-1-1-6-1,online_evolution,340,407.512,7.36015,0,5.1247e-05,73.193988
0x4200,10-5-1,model_guided,283,339.416,7.56817,0,4.49718e-05,75.342284
0x4400,11-4-1,model_guided,306,370.272,7.56551,0,4.81903e-05,75.284828
0x461c,3-1-1-5-1-4-1,online_evolution,304,376.39,7.45089,0,4.89694e-05,74.13251
0x463c,3-1-1-1-4-1-4-1,online_evolution,311,373.996,7.43495,0,4.80429e-05,73.975504
0x47bf,1-1-1-1-1-1-2-1-1-1-4-1,random_pilot,336,408.842,7.36785,0,5.09997e-05,73.269658
0x4800,12-3-1,model_guided,284,335.426,7.50512,0,4.3512e-05,74.715774
0x496b,1-1-2-2-1-2-3-3-1,online_random,290,379.582,7.39409,0,5.15993e-05,73.561318
0x5000,13-2-1,model_guided,305,348.992,7.5661,0,4.4348e-05,75.312008
0x53ba,2-2-1-1-2-1-1-3-2-1,online_random,301,367.08,7.2989,0,4.73701e-05,72.62192
0x54a7,1-1-1-3-2-3-2-2-1,online_random,312,378.518,7.35758,0,4.95335e-05,73.197282
0x58bc,3-1-1-1-2-4-1-2-1,random_pilot,304,381.71,7.41758,0,5.14532e-05,73.79409
0x58cc,3-1-3-1-4-1-2-1,random_pilot,281,351.12,7.40918,0,4.74177e-05,73.74068
0x594e,2-1-1-3-2-3-1-2-1,online_random,310,378.252,7.33843,0,4.94608e-05,73.006048
0x5b97,1-1-1-2-3-1-1-2-1-2-1,online_random,295,356.174,7.33797,0,4.69752e-05,73.023526
0x5c72,2-3-1-1-4-1-1-2-1,online_evolution,310,384.902,7.38559,0,5.02236e-05,73.470998
0x6000,14-1-1,model_guided,300,340.746,7.52251,0,4.38411e-05,74.884354
0x610c,3-1-5-5-1-1,online_random,289,350.056,7.42632,0,4.53192e-05,73.913144
0x61d8,4-1-2-1-1-5-1-1,online_evolution,318,388.36,7.36432,0,4.88722e-05,73.25484
0x6787,1-1-1-5-1-1-1-3-1-1,online_evolution,295,388.094,7.33933,0,4.96465e-05,73.005206
0x67d4,3-2-2-1-1-1-1-3-1-1,online_random,333,404.054,7.33191,0,5.10164e-05,72.915046
0x68f4,3-2-1-1-1-4-2-1-1,random_pilot,291,365.218,7.272,0,4.70084e-05,72.354782
0x702b,1-1-2-2-7-1-1-1,random_pilot,304,364.42,7.28416,0,4.74962e-05,72.47718
0x73e6,2-1-3-1-1-1-1-3-1-1-1,random_pilot,312,380.912,7.32336,0,4.82801e-05,72.852688
0x7fff,1-1-1-1-1-1-1-1-1-1-1-1-1-1-1-1,random_pilot,350,414.694,7.37894,0,5.19991e-05,73.374706
