width,benchmark,method,seed,query,source,parent_mask,mask,K,reward,incumbent,seed_reward,area,wns,power_w,cached,evaluation_id
16,popcount16_tree,v3_global,32001,1,global,,0x4408,3,72.701902,73.245274,73.245274,186.998,7.28889,3.94017e-05,0,0c4d1d1f055f2f19
16,popcount16_tree,v3_global,32001,2,global,,0x3004,3,73.30729,73.30729,73.245274,195.51,7.35028,4.30573e-05,0,864d78b242da6605
16,popcount16_tree,v3_global,32001,3,global,,0x3008,3,73.29879,73.30729,73.245274,195.51,7.34943,4.29926e-05,0,b035810dcd3465e6
16,popcount16_tree,v3_global,32001,4,global,,0x200,1,71.849702,73.30729,73.245274,173.698,7.20234,4.4503e-05,0,6ed7f2863965bba5
16,popcount16_tree,v3_global,32001,5,global,,0x7134,7,72.993352,73.30729,73.245274,206.948,7.32003,4.50945e-05,0,0d0b997f25dc9041
16,popcount16_tree,v3_global,32001,6,global,,0x6100,3,73.222258,73.30729,73.245274,196.042,7.34183,4.27398e-05,0,5ca248d824259116
16,popcount16_tree,v3_global,32001,7,global,,0x3020,3,73.28199,73.30729,73.245274,195.51,7.34775,4.29363e-05,0,4754eb30b7092da4
16,popcount16_tree,v3_global,32001,8,global,,0x2810,3,71.969224,73.30729,73.245274,182.476,7.21517,4.67494e-05,0,c658193a2dd943f9
16,popcount16_tree,v3_global,32001,9,global,,0x5200,3,71.997458,73.30729,73.245274,196.042,7.21935,4.39189e-05,0,cccb18626279154a
16,popcount16_tree,v3_global,32001,10,global,,0x5d88,7,73.476456,73.476456,73.245274,208.544,7.3685,4.52311e-05,0,e1845c592ddf7f9f
16,popcount16_tree,v3_global,32001,11,global,,0x7e08,7,72.971724,73.476456,73.245274,209.076,7.31808,4.60334e-05,0,ed976e69805d1850
16,popcount16_tree,v3_global,32001,12,global,,0x6400,3,72.032358,73.476456,73.245274,196.042,7.22284,4.41117e-05,0,98a50b9a07f28bd7
16,popcount16_tree,v3_global,32001,13,global,,0x7688,7,72.977052,73.476456,73.245274,206.948,7.3184,4.55704e-05,0,a8d466c0f588f352
16,popcount16_tree,v3_global,32001,14,global,,0x182,3,72.048238,73.476456,73.245274,188.062,7.22363,4.54466e-05,0,14d7cd573bea6932
16,popcount16_tree,v3_global,32001,15,global,,0x7f20,8,73.172168,73.476456,73.245274,213.332,7.33855,4.77308e-05,0,cfe77a9f5d8cc385
16,popcount16_tree,v3_global,32001,16,global,,0x7b20,7,73.119592,73.476456,73.245274,209.608,7.33292,4.56818e-05,0,d6613be5e2b6677c
16,popcount16_tree,v3_global,32002,1,global,,0x7e10,7,73.006924,73.245274,73.245274,209.076,7.3216,4.62029e-05,0,3a3e8ba56c81e62e
16,popcount16_tree,v3_global,32002,2,global,,0x7e40,7,73.011924,73.245274,73.245274,209.076,7.3221,4.62813e-05,0,1df9aae166035be3
16,popcount16_tree,v3_global,32002,3,global,,0x488,3,72.266344,73.245274,73.245274,177.156,7.24435,3.98132e-05,0,921e95e55bb44f2f
16,popcount16_tree,v3_global,32002,4,global,,0x7d80,7,73.045824,73.245274,73.245274,209.076,7.32549,4.65858e-05,0,daed10e0f9ae423e
16,popcount16_tree,v3_global,32002,5,global,,0x6e0a,7,72.816824,73.245274,73.245274,209.076,7.30259,4.70419e-05,0,5730ffa94701a6f5
16,popcount16_tree,v3_global,32002,6,global,,0x7d20,7,73.028224,73.245274,73.245274,209.076,7.32373,4.64502e-05,0,2670c2dd1bb57456
16,popcount16_tree,v3_global,32002,7,global,,0x7e20,7,72.982524,73.245274,73.245274,209.076,7.31916,4.62915e-05,0,dc31b908650f61e5
16,popcount16_tree,v3_global,32002,8,global,,0x7950,7,73.022252,73.245274,73.245274,206.948,7.32292,4.49626e-05,0,1eba8d0726c3e1b6
16,popcount16_tree,v3_global,32002,9,global,,0x7e80,7,73.021224,73.245274,73.245274,209.076,7.32303,4.63498e-05,0,ca75abeeef193b9d
16,popcount16_tree,v3_global,32002,10,global,,0x76a0,7,73.012852,73.245274,73.245274,206.948,7.32198,4.53716e-05,0,d572c7c7f3748f8f
16,popcount16_tree,v3_global,32002,11,global,,0x7664,8,73.234854,73.245274,73.245274,207.746,7.34426,4.5016e-05,0,2e83d5595ae3a68a
16,popcount16_tree,v3_global,32002,12,global,,0x7e06,8,73.484094,73.484094,73.245274,210.406,7.36945,4.53475e-05,0,38ee648f98b37760
16,popcount16_tree,v3_global,32002,13,global,,0x6c8a,7,72.695094,73.484094,73.245274,210.406,7.29055,4.50474e-05,0,c08bf0e5b4764737
16,popcount16_tree,v3_global,32002,14,global,,0x7702,7,73.057524,73.484094,73.245274,209.076,7.32666,4.59803e-05,0,99386a7905956537
16,popcount16_tree,v3_global,32002,15,global,,0x7e08,7,72.971724,73.484094,73.245274,209.076,7.31808,4.60334e-05,1,ed976e69805d1850
16,popcount16_tree,v3_global,32002,16,global,,0x3a46,7,73.331106,73.484094,73.245274,201.894,7.3533,4.24267e-05,0,b3346191205c60dd
16,popcount16_tree,v3_global,32003,1,global,,0x7e84,8,73.249662,73.249662,73.245274,210.938,7.34606,4.67761e-05,0,2b12ec4a6f1ea741
16,popcount16_tree,v3_global,32003,2,global,,0x4404,3,72.701302,73.249662,73.245274,186.998,7.28883,3.95437e-05,0,cd20c0058df7ee89
16,popcount16_tree,v3_global,32003,3,global,,0x7e08,7,72.971724,73.249662,73.245274,209.076,7.31808,4.60334e-05,1,ed976e69805d1850
16,popcount16_tree,v3_global,32003,4,global,,0x7e40,7,73.011924,73.249662,73.245274,209.076,7.3221,4.62813e-05,1,1df9aae166035be3
16,popcount16_tree,v3_global,32003,5,global,,0x1084,3,71.937354,73.249662,73.245274,194.446,7.21318,5.01494e-05,0,4700d4b8ff4a7a8a
16,popcount16_tree,v3_global,32003,6,global,,0x7b60,8,73.447094,73.447094,73.245274,210.406,7.36575,4.58534e-05,0,bca045a2fa79f889
16,popcount16_tree,v3_global,32003,7,global,,0x7ec0,8,73.274462,73.447094,73.245274,210.938,7.34854,4.62256e-05,0,8bc2acde6047c879
16,popcount16_tree,v3_global,32003,8,global,,0x7f80,8,73.146868,73.447094,73.245274,213.332,7.33602,4.74401e-05,0,32cb520b7643a94c
16,popcount16_tree,v3_global,32003,9,global,,0x1c0,3,72.261744,73.447094,73.245274,177.156,7.24389,3.9492e-05,0,55cead7c54f69ff0
16,popcount16_tree,v3_global,32003,10,global,,0x7b40,7,73.006824,73.447094,73.245274,209.076,7.32159,4.60457e-05,0,7be55192265e2fa4
16,popcount16_tree,v3_global,32003,11,global,,0x7ea0,8,73.233462,73.447094,73.245274,210.938,7.34444,4.61269e-05,0,6e3f43e551cf8abb
16,popcount16_tree,v3_global,32003,12,global,,0x6e03,7,72.150742,73.447094,73.245274,202.958,7.23537,4.42795e-05,0,eebead0e5fbe0694
16,popcount16_tree,v3_global,32003,13,global,,0x7ca0,7,73.056284,73.447094,73.245274,206.416,7.32627,4.57572e-05,0,7f8d00c43b06bd12
16,popcount16_tree,v3_global,32003,14,global,,0x5800,3,73.266958,73.447094,73.245274,196.042,7.3463,4.30331e-05,0,4bce9269c46fc7ae
16,popcount16_tree,v3_global,32003,15,global,,0x7ac1,8,73.195554,73.447094,73.245274,207.746,7.34033,4.55791e-05,0,08c938f809fa6851
16,popcount16_tree,v3_global,32003,16,global,,0x7e20,7,72.982524,73.447094,73.245274,209.076,7.31916,4.62915e-05,1,dc31b908650f61e5
16,popcount16_tree,uniform_local,32001,1,local,0x7000,0x7008,4,73.176874,73.245274,73.245274,202.426,7.33793,4.43662e-05,0,6f32eb2cb20b3c99
16,popcount16_tree,uniform_local,32001,2,local,0x7000,0x7200,4,72.949212,73.245274,73.245274,204.288,7.31535,4.52463e-05,0,7301e7ada0181e7f
16,popcount16_tree,uniform_local,32001,3,local,0x7000,0x7002,4,73.199374,73.245274,73.245274,202.426,7.34018,4.4362e-05,0,c16df5c346612eaa
16,popcount16_tree,uniform_local,32001,4,local,0x7000,0x3000,2,73.26579,73.26579,73.245274,195.51,7.34613,4.41143e-05,0,748d1075cec5060f
16,popcount16_tree,uniform_local,32001,5,local,0x3000,0x3040,3,73.24979,73.26579,73.245274,195.51,7.34453,4.33299e-05,0,caa0b591ddd05a11
16,popcount16_tree,uniform_local,32001,6,local,0x3000,0x3001,3,73.24509,73.26579,73.245274,195.51,7.34406,4.2994e-05,0,7a50bf301247d84e
16,popcount16_tree,uniform_local,32001,7,local,0x3000,0x3008,3,73.29879,73.29879,73.245274,195.51,7.34943,4.29926e-05,1,b035810dcd3465e6
16,popcount16_tree,uniform_local,32001,8,local,0x3008,0x3028,4,73.36189,73.36189,73.245274,195.51,7.35574,4.21892e-05,0,a695af69f6e64faf
16,popcount16_tree,uniform_local,32001,9,local,0x3028,0x3020,3,73.28199,73.36189,73.245274,195.51,7.34775,4.29363e-05,1,4754eb30b7092da4
16,popcount16_tree,uniform_local,32001,10,local,0x3028,0x3068,5,73.28869,73.36189,73.245274,195.51,7.34842,4.18194e-05,0,e4c848c1ac97a5d2
16,popcount16_tree,uniform_local,32001,11,local,0x3028,0x1028,3,71.941154,73.36189,73.245274,194.446,7.21356,5.00288e-05,0,5772a7cdc6410042
16,popcount16_tree,uniform_local,32001,12,local,0x3028,0x30a8,5,73.26859,73.36189,73.245274,195.51,7.34641,4.19097e-05,0,306351392f8b7278
16,popcount16_tree,uniform_local,32001,13,local,0x3028,0x2028,3,71.890654,73.36189,73.245274,194.446,7.20851,5.01768e-05,0,8762c59d7a245441
16,popcount16_tree,uniform_local,32001,14,local,0x3028,0x3038,5,73.30733,73.36189,73.245274,198.17,7.35055,4.40689e-05,0,768770f14f5ed154
16,popcount16_tree,uniform_local,32001,15,local,0x3028,0x3428,5,73.33263,73.36189,73.245274,198.17,7.35308,4.36572e-05,0,1306a2d790886f51
16,popcount16_tree,uniform_local,32001,16,local,0x3028,0x302a,5,73.33409,73.36189,73.245274,195.51,7.35296,4.15931e-05,0,939c4b1762f88c30
16,popcount16_tree,uniform_local,32002,1,local,0x7000,0x3000,2,73.26579,73.26579,73.245274,195.51,7.34613,4.41143e-05,1,748d1075cec5060f
16,popcount16_tree,uniform_local,32002,2,local,0x3000,0x1000,1,71.792486,73.26579,73.245274,180.614,7.19731,4.67155e-05,0,9856bc90a2b2e464
16,popcount16_tree,uniform_local,32002,3,local,0x3000,0x3004,3,73.30729,73.30729,73.245274,195.51,7.35028,4.30573e-05,1,864d78b242da6605
16,popcount16_tree,uniform_local,32002,4,local,0x3004,0x3804,4,73.26853,73.30729,73.245274,198.17,7.34667,4.368e-05,0,984e690da61eb32d
16,popcount16_tree,uniform_local,32002,5,local,0x3004,0x3404,4,73.30633,73.30729,73.245274,198.17,7.35045,4.38516e-05,0,8d3d72376d0f183c
16,popcount16_tree,uniform_local,32002,6,local,0x3004,0x3044,4,73.22399,73.30729,73.245274,195.51,7.34195,4.23373e-05,0,f32f4c81d50eb830
16,popcount16_tree,uniform_local,32002,7,local,0x3004,0x3204,4,73.202836,73.30729,73.245274,200.564,7.34034,4.54225e-05,0,7d1446797bf30595
16,popcount16_tree,uniform_local,32002,8,local,0x3004,0x7004,4,73.200274,73.30729,73.245274,202.426,7.34027,4.41205e-05,0,e017e775d47c85b2
16,popcount16_tree,uniform_local,32002,9,local,0x3004,0x3104,4,73.24043,73.30729,73.245274,198.17,7.34386,4.36609e-05,0,cfb2ad8889ca05e7
16,popcount16_tree,uniform_local,32002,10,local,0x3004,0x3024,4,73.34319,73.34319,73.245274,195.51,7.35387,4.21698e-05,0,962974b489c010a9
16,popcount16_tree,uniform_local,32002,11,local,0x3024,0x3026,5,73.34319,73.34319,73.245274,195.51,7.35387,4.1543e-05,0,f6023924e0f91f84
16,popcount16_tree,uniform_local,32002,12,local,0x3024,0x3020,3,73.28199,73.34319,73.245274,195.51,7.34775,4.29363e-05,1,4754eb30b7092da4
16,popcount16_tree,uniform_local,32002,13,local,0x3024,0x3025,5,73.34669,73.34669,73.245274,195.51,7.35422,4.16421e-05,0,08674210dd61daf1
16,popcount16_tree,uniform_local,32002,14,local,0x3025,0x3005,4,73.271192,73.34669,73.245274,196.308,7.34675,4.23125e-05,0,3c3d09eeb5ad8ef6
16,popcount16_tree,uniform_local,32002,15,local,0x3025,0x30a5,6,73.60939,73.60939,73.245274,195.51,7.38049,4.1021e-05,0,56d53ccea2980c28
16,popcount16_tree,uniform_local,32002,16,local,0x30a5,0x20a5,5,72.140024,73.60939,73.245274,182.476,7.23225,4.23713e-05,0,6697ba7da5058a7e
16,popcount16_tree,uniform_local,32003,1,local,0x7000,0x3000,2,73.26579,73.26579,73.245274,195.51,7.34613,4.41143e-05,1,748d1075cec5060f
16,popcount16_tree,uniform_local,32003,2,local,0x3000,0x3001,3,73.24509,73.26579,73.245274,195.51,7.34406,4.2994e-05,1,7a50bf301247d84e
16,popcount16_tree,uniform_local,32003,3,local,0x3000,0x3100,3,73.25783,73.26579,73.245274,198.17,7.3456,4.44225e-05,0,ef1cbacc4f3adebb
16,popcount16_tree,uniform_local,32003,4,local,0x3000,0x3020,3,73.28199,73.28199,73.245274,195.51,7.34775,4.29363e-05,1,4754eb30b7092da4
16,popcount16_tree,uniform_local,32003,5,local,0x3020,0x3028,4,73.36189,73.36189,73.245274,195.51,7.35574,4.21892e-05,1,a695af69f6e64faf
16,popcount16_tree,uniform_local,32003,6,local,0x3028,0x2028,3,71.890654,73.36189,73.245274,194.446,7.20851,5.01768e-05,1,8762c59d7a245441
16,popcount16_tree,uniform_local,32003,7,local,0x3028,0x3008,3,73.29879,73.36189,73.245274,195.51,7.34943,4.29926e-05,1,b035810dcd3465e6
16,popcount16_tree,uniform_local,32003,8,local,0x3028,0x30a8,5,73.26859,73.36189,73.245274,195.51,7.34641,4.19097e-05,1,306351392f8b7278
16,popcount16_tree,uniform_local,32003,9,local,0x3028,0x302a,5,73.33409,73.36189,73.245274,195.51,7.35296,4.15931e-05,1,939c4b1762f88c30
16,popcount16_tree,uniform_local,32003,10,local,0x3028,0x3828,5,73.299232,73.36189,73.245274,198.968,7.34982,4.30574e-05,0,81f03391b395f2b2
16,popcount16_tree,uniform_local,32003,11,local,0x3028,0x3038,5,73.30733,73.36189,73.245274,198.17,7.35055,4.40689e-05,1,768770f14f5ed154
16,popcount16_tree,uniform_local,32003,12,local,0x3028,0x3228,5,73.26253,73.36189,73.245274,198.17,7.34607,4.37299e-05,0,d97eb0c832032ac3
16,popcount16_tree,uniform_local,32003,13,local,0x3028,0x1028,3,71.941154,73.36189,73.245274,194.446,7.21356,5.00288e-05,1,5772a7cdc6410042
16,popcount16_tree,uniform_local,32003,14,local,0x3028,0x3029,5,73.35759,73.36189,73.245274,195.51,7.35531,4.13388e-05,0,6fcc5fad20166120
16,popcount16_tree,uniform_local,32003,15,local,0x3028,0x3068,5,73.28869,73.36189,73.245274,195.51,7.34842,4.18194e-05,1,e4c848c1ac97a5d2
16,popcount16_tree,uniform_local,32003,16,local,0x3028,0x7028,5,73.044872,73.36189,73.245274,201.628,7.32465,4.31261e-05,0,7e7e0a94b9979908
16,popcount16_tree,v3_hybrid,32001,1,local,0x7000,0x7008,4,73.176874,73.245274,73.245274,202.426,7.33793,4.43662e-05,1,6f32eb2cb20b3c99
16,popcount16_tree,v3_hybrid,32001,2,global,,0x3004,3,73.30729,73.30729,73.245274,195.51,7.35028,4.30573e-05,1,864d78b242da6605
16,popcount16_tree,v3_hybrid,32001,3,local,0x3004,0x3006,4,73.262192,73.30729,73.245274,196.308,7.34585,4.24832e-05,0,d69ad87e506692c8
16,popcount16_tree,v3_hybrid,32001,4,global,,0x200,1,71.849702,73.30729,73.245274,173.698,7.20234,4.4503e-05,1,6ed7f2863965bba5
16,popcount16_tree,v3_hybrid,32001,5,local,0x3004,0x3084,4,73.26919,73.30729,73.245274,195.51,7.34647,4.25747e-05,0,2d45f18e56acfde0
16,popcount16_tree,v3_hybrid,32001,6,global,,0x7e10,7,73.006924,73.30729,73.245274,209.076,7.3216,4.62029e-05,1,3a3e8ba56c81e62e
16,popcount16_tree,v3_hybrid,32001,7,local,0x3004,0x300c,4,73.304632,73.30729,73.245274,198.968,7.35036,4.55426e-05,0,d029a684240d7d16
16,popcount16_tree,v3_hybrid,32001,8,global,,0x5e24,7,72.963154,73.30729,73.245274,207.746,7.31709,4.5456e-05,0,893dd6f73917a7e8
16,popcount16_tree,v3_hybrid,32001,9,local,0x3004,0x3024,4,73.34319,73.34319,73.245274,195.51,7.35387,4.21698e-05,1,962974b489c010a9
16,popcount16_tree,v3_hybrid,32001,10,global,,0x5d88,7,73.476456,73.476456,73.245274,208.544,7.3685,4.52311e-05,1,e1845c592ddf7f9f
16,popcount16_tree,v3_hybrid,32001,11,local,0x5d88,0x7d88,8,73.503494,73.503494,73.245274,210.406,7.37139,4.5258e-05,0,1c28b09e8dbaae7d
16,popcount16_tree,v3_hybrid,32001,12,global,,0x6400,3,72.032358,73.503494,73.245274,196.042,7.22284,4.41117e-05,1,98a50b9a07f28bd7
16,popcount16_tree,v3_hybrid,32001,13,local,0x7d88,0x7588,7,73.125152,73.503494,73.245274,206.948,7.33321,4.43233e-05,0,6ff6393c10c84a74
16,popcount16_tree,v3_hybrid,32001,14,global,,0x7819,7,73.125648,73.503494,73.245274,205.352,7.3331,4.33263e-05,0,749210a9f1bd7e22
16,popcount16_tree,v3_hybrid,32001,15,local,0x7d88,0x3d88,7,73.699446,73.699446,73.245274,204.554,7.3904,4.27644e-05,0,d2eadfe17a559906
16,popcount16_tree,v3_hybrid,32001,16,global,,0x7b20,7,73.119592,73.699446,73.245274,209.608,7.33292,4.56818e-05,1,d6613be5e2b6677c
16,popcount16_tree,v3_hybrid,32002,1,local,0x7000,0x3000,2,73.26579,73.26579,73.245274,195.51,7.34613,4.41143e-05,1,748d1075cec5060f
16,popcount16_tree,v3_hybrid,32002,2,global,,0x7e40,7,73.011924,73.26579,73.245274,209.076,7.3221,4.62813e-05,1,1df9aae166035be3
16,popcount16_tree,v3_hybrid,32002,3,local,0x3000,0x3004,3,73.30729,73.30729,73.245274,195.51,7.35028,4.30573e-05,1,864d78b242da6605
16,popcount16_tree,v3_hybrid,32002,4,global,,0x5800,3,73.266958,73.30729,73.245274,196.042,7.3463,4.30331e-05,1,4bce9269c46fc7ae
16,popcount16_tree,v3_hybrid,32002,5,local,0x3004,0x3404,4,73.30633,73.30729,73.245274,198.17,7.35045,4.38516e-05,1,8d3d72376d0f183c
16,popcount16_tree,v3_hybrid,32002,6,global,,0x5200,3,71.997458,73.30729,73.245274,196.042,7.21935,4.39189e-05,1,cccb18626279154a
16,popcount16_tree,v3_hybrid,32002,7,local,0x3004,0x3104,4,73.24043,73.30729,73.245274,198.17,7.34386,4.36609e-05,1,cfb2ad8889ca05e7
16,popcount16_tree,v3_hybrid,32002,8,global,,0x6f80,7,73.17293,73.30729,73.245274,211.47,7.33844,4.67665e-05,0,51ae7a0fce7108f4
16,popcount16_tree,v3_hybrid,32002,9,local,0x3004,0x1004,2,71.883584,73.30729,73.245274,179.816,7.20634,4.76021e-05,0,dd2fef86d1f10fa8
16,popcount16_tree,v3_hybrid,32002,10,global,,0x76a0,7,73.012852,73.30729,73.245274,206.948,7.32198,4.53716e-05,1,d572c7c7f3748f8f
16,popcount16_tree,v3_hybrid,32002,11,local,0x3004,0x3006,4,73.262192,73.30729,73.245274,196.308,7.34585,4.24832e-05,1,d69ad87e506692c8
16,popcount16_tree,v3_hybrid,32002,12,global,,0x7e08,7,72.971724,73.30729,73.245274,209.076,7.31808,4.60334e-05,1,ed976e69805d1850
16,popcount16_tree,v3_hybrid,32002,13,local,0x3004,0x3005,4,73.271192,73.30729,73.245274,196.308,7.34675,4.23125e-05,1,3c3d09eeb5ad8ef6
16,popcount16_tree,v3_hybrid,32002,14,global,,0x7682,7,73.146652,73.30729,73.245274,206.948,7.33536,4.43211e-05,0,7f6cadd5bee70f65
16,popcount16_tree,v3_hybrid,32002,15,local,0x3004,0x3204,4,73.202836,73.30729,73.245274,200.564,7.34034,4.54225e-05,1,7d1446797bf30595
16,popcount16_tree,v3_hybrid,32002,16,global,,0x3326,7,73.406506,73.406506,73.245274,201.894,7.36084,4.24417e-05,0,f386cad92afbce4f
16,popcount16_tree,v3_hybrid,32003,1,local,0x7000,0x3000,2,73.26579,73.26579,73.245274,195.51,7.34613,4.41143e-05,1,748d1075cec5060f
16,popcount16_tree,v3_hybrid,32003,2,global,,0x4404,3,72.701302,73.26579,73.245274,186.998,7.28883,3.95437e-05,1,cd20c0058df7ee89
16,popcount16_tree,v3_hybrid,32003,3,local,0x3000,0x3080,3,73.25239,73.26579,73.245274,195.51,7.34479,4.32359e-05,0,fcaf51efb3f00299
16,popcount16_tree,v3_hybrid,32003,4,global,,0x7e40,7,73.011924,73.26579,73.245274,209.076,7.3221,4.62813e-05,1,1df9aae166035be3
16,popcount16_tree,v3_hybrid,32003,5,local,0x3000,0x3008,3,73.29879,73.29879,73.245274,195.51,7.34943,4.29926e-05,1,b035810dcd3465e6
16,popcount16_tree,v3_hybrid,32003,6,global,,0x7ae0,8,73.272154,73.29879,73.245274,207.746,7.34799,4.52257e-05,0,949a2badb1d38ded
16,popcount16_tree,v3_hybrid,32003,7,local,0x3008,0x3028,4,73.36189,73.36189,73.245274,195.51,7.35574,4.21892e-05,1,a695af69f6e64faf
16,popcount16_tree,v3_hybrid,32003,8,global,,0x6040,3,72.030348,73.36189,73.245274,192.052,7.22224,4.23876e-05,0,cbaa8f6e0ca6a9a1
16,popcount16_tree,v3_hybrid,32003,9,local,0x3028,0x302a,5,73.33409,73.36189,73.245274,195.51,7.35296,4.15931e-05,1,939c4b1762f88c30
16,popcount16_tree,v3_hybrid,32003,10,global,,0x7f80,8,73.146868,73.36189,73.245274,213.332,7.33602,4.74401e-05,1,32cb520b7643a94c
16,popcount16_tree,v3_hybrid,32003,11,local,0x3028,0x3020,3,73.28199,73.36189,73.245274,195.51,7.34775,4.29363e-05,1,4754eb30b7092da4
16,popcount16_tree,v3_hybrid,32003,12,global,,0x7c06,7,73.102852,73.36189,73.245274,206.948,7.33098,4.39218e-05,0,8f058729f37913a9
16,popcount16_tree,v3_hybrid,32003,13,local,0x3028,0x1028,3,71.941154,73.36189,73.245274,194.446,7.21356,5.00288e-05,1,5772a7cdc6410042
16,popcount16_tree,v3_hybrid,32003,14,global,,0x5800,3,73.266958,73.36189,73.245274,196.042,7.3463,4.30331e-05,1,4bce9269c46fc7ae
16,popcount16_tree,v3_hybrid,32003,15,local,0x3028,0x3038,5,73.30733,73.36189,73.245274,198.17,7.35055,4.40689e-05,1,768770f14f5ed154
16,popcount16_tree,v3_hybrid,32003,16,global,,0x7e20,7,72.982524,73.36189,73.245274,209.076,7.31916,4.62915e-05,1,dc31b908650f61e5
16,popcount16_tree,frozen_hybrid,32001,1,local,0x7000,0x7008,4,73.176874,73.245274,73.245274,202.426,7.33793,4.43662e-05,1,6f32eb2cb20b3c99
16,popcount16_tree,frozen_hybrid,32001,2,global,,0x3004,3,73.30729,73.30729,73.245274,195.51,7.35028,4.30573e-05,1,864d78b242da6605
16,popcount16_tree,frozen_hybrid,32001,3,local,0x3004,0x3006,4,73.262192,73.30729,73.245274,196.308,7.34585,4.24832e-05,1,d69ad87e506692c8
16,popcount16_tree,frozen_hybrid,32001,4,global,,0x200,1,71.849702,73.30729,73.245274,173.698,7.20234,4.4503e-05,1,6ed7f2863965bba5
16,popcount16_tree,frozen_hybrid,32001,5,local,0x3004,0x3084,4,73.26919,73.30729,73.245274,195.51,7.34647,4.25747e-05,1,2d45f18e56acfde0
16,popcount16_tree,frozen_hybrid,32001,6,global,,0x7e10,7,73.006924,73.30729,73.245274,209.076,7.3216,4.62029e-05,1,3a3e8ba56c81e62e
16,popcount16_tree,frozen_hybrid,32001,7,local,0x3004,0x300c,4,73.304632,73.30729,73.245274,198.968,7.35036,4.55426e-05,1,d029a684240d7d16
16,popcount16_tree,frozen_hybrid,32001,8,global,,0x5e44,7,72.968782,73.30729,73.245274,205.618,7.31744,4.51006e-05,0,4b83e30fed191d29
16,popcount16_tree,frozen_hybrid,32001,9,local,0x3004,0x3024,4,73.34319,73.34319,73.245274,195.51,7.35387,4.21698e-05,1,962974b489c010a9
16,popcount16_tree,frozen_hybrid,32001,10,global,,0x5d88,7,73.476456,73.476456,73.245274,208.544,7.3685,4.52311e-05,1,e1845c592ddf7f9f
16,popcount16_tree,frozen_hybrid,32001,11,local,0x5d88,0x7d88,8,73.503494,73.503494,73.245274,210.406,7.37139,4.5258e-05,1,1c28b09e8dbaae7d
16,popcount16_tree,frozen_hybrid,32001,12,global,,0x1000,1,71.792486,73.503494,73.245274,180.614,7.19731,4.67155e-05,1,9856bc90a2b2e464
16,popcount16_tree,frozen_hybrid,32001,13,local,0x7d88,0x7588,7,73.125152,73.503494,73.245274,206.948,7.33321,4.43233e-05,1,6ff6393c10c84a74
16,popcount16_tree,frozen_hybrid,32001,14,global,,0x141,3,72.021038,73.503494,73.245274,188.062,7.22091,4.55669e-05,0,23589402512f361b
16,popcount16_tree,frozen_hybrid,32001,15,local,0x7d88,0x3d88,7,73.699446,73.699446,73.245274,204.554,7.3904,4.27644e-05,1,d2eadfe17a559906
16,popcount16_tree,frozen_hybrid,32001,16,global,,0x7b20,7,73.119592,73.699446,73.245274,209.608,7.33292,4.56818e-05,1,d6613be5e2b6677c
16,popcount16_tree,frozen_hybrid,32002,1,local,0x7000,0x3000,2,73.26579,73.26579,73.245274,195.51,7.34613,4.41143e-05,1,748d1075cec5060f
16,popcount16_tree,frozen_hybrid,32002,2,global,,0x7e40,7,73.011924,73.26579,73.245274,209.076,7.3221,4.62813e-05,1,1df9aae166035be3
16,popcount16_tree,frozen_hybrid,32002,3,local,0x3000,0x3004,3,73.30729,73.30729,73.245274,195.51,7.35028,4.30573e-05,1,864d78b242da6605
16,popcount16_tree,frozen_hybrid,32002,4,global,,0x5800,3,73.266958,73.30729,73.245274,196.042,7.3463,4.30331e-05,1,4bce9269c46fc7ae
16,popcount16_tree,frozen_hybrid,32002,5,local,0x3004,0x3404,4,73.30633,73.30729,73.245274,198.17,7.35045,4.38516e-05,1,8d3d72376d0f183c
16,popcount16_tree,frozen_hybrid,32002,6,global,,0x7d20,7,73.028224,73.30729,73.245274,209.076,7.32373,4.64502e-05,1,2670c2dd1bb57456
16,popcount16_tree,frozen_hybrid,32002,7,local,0x3004,0x3104,4,73.24043,73.30729,73.245274,198.17,7.34386,4.36609e-05,1,cfb2ad8889ca05e7
16,popcount16_tree,frozen_hybrid,32002,8,global,,0x6f80,7,73.17293,73.30729,73.245274,211.47,7.33844,4.67665e-05,1,51ae7a0fce7108f4
16,popcount16_tree,frozen_hybrid,32002,9,local,0x3004,0x1004,2,71.883584,73.30729,73.245274,179.816,7.20634,4.76021e-05,1,dd2fef86d1f10fa8
16,popcount16_tree,frozen_hybrid,32002,10,global,,0x76a0,7,73.012852,73.30729,73.245274,206.948,7.32198,4.53716e-05,1,d572c7c7f3748f8f
16,popcount16_tree,frozen_hybrid,32002,11,local,0x3004,0x3006,4,73.262192,73.30729,73.245274,196.308,7.34585,4.24832e-05,1,d69ad87e506692c8
16,popcount16_tree,frozen_hybrid,32002,12,global,,0x7e08,7,72.971724,73.30729,73.245274,209.076,7.31808,4.60334e-05,1,ed976e69805d1850
16,popcount16_tree,frozen_hybrid,32002,13,local,0x3004,0x3005,4,73.271192,73.30729,73.245274,196.308,7.34675,4.23125e-05,1,3c3d09eeb5ad8ef6
16,popcount16_tree,frozen_hybrid,32002,14,global,,0x7682,7,73.146652,73.30729,73.245274,206.948,7.33536,4.43211e-05,1,7f6cadd5bee70f65
16,popcount16_tree,frozen_hybrid,32002,15,local,0x3004,0x3204,4,73.202836,73.30729,73.245274,200.564,7.34034,4.54225e-05,1,7d1446797bf30595
16,popcount16_tree,frozen_hybrid,32002,16,global,,0x3326,7,73.406506,73.406506,73.245274,201.894,7.36084,4.24417e-05,1,f386cad92afbce4f
16,popcount16_tree,frozen_hybrid,32003,1,local,0x7000,0x3000,2,73.26579,73.26579,73.245274,195.51,7.34613,4.41143e-05,1,748d1075cec5060f
16,popcount16_tree,frozen_hybrid,32003,2,global,,0x4404,3,72.701302,73.26579,73.245274,186.998,7.28883,3.95437e-05,1,cd20c0058df7ee89
16,popcount16_tree,frozen_hybrid,32003,3,local,0x3000,0x3080,3,73.25239,73.26579,73.245274,195.51,7.34479,4.32359e-05,1,fcaf51efb3f00299
16,popcount16_tree,frozen_hybrid,32003,4,global,,0x7e40,7,73.011924,73.26579,73.245274,209.076,7.3221,4.62813e-05,1,1df9aae166035be3
16,popcount16_tree,frozen_hybrid,32003,5,local,0x3000,0x3008,3,73.29879,73.29879,73.245274,195.51,7.34943,4.29926e-05,1,b035810dcd3465e6
16,popcount16_tree,frozen_hybrid,32003,6,global,,0x7ae0,8,73.272154,73.29879,73.245274,207.746,7.34799,4.52257e-05,1,949a2badb1d38ded
16,popcount16_tree,frozen_hybrid,32003,7,local,0x3008,0x3028,4,73.36189,73.36189,73.245274,195.51,7.35574,4.21892e-05,1,a695af69f6e64faf
16,popcount16_tree,frozen_hybrid,32003,8,global,,0x6040,3,72.030348,73.36189,73.245274,192.052,7.22224,4.23876e-05,1,cbaa8f6e0ca6a9a1
16,popcount16_tree,frozen_hybrid,32003,9,local,0x3028,0x302a,5,73.33409,73.36189,73.245274,195.51,7.35296,4.15931e-05,1,939c4b1762f88c30
16,popcount16_tree,frozen_hybrid,32003,10,global,,0x7b82,8,73.129562,73.36189,73.245274,210.938,7.33405,4.65897e-05,0,672b7aa65bb9757c
16,popcount16_tree,frozen_hybrid,32003,11,local,0x3028,0x3020,3,73.28199,73.36189,73.245274,195.51,7.34775,4.29363e-05,1,4754eb30b7092da4
16,popcount16_tree,frozen_hybrid,32003,12,global,,0x4006,3,71.985524,73.36189,73.245274,195.776,7.21813,4.3057e-05,0,69cab1d66a9aa31e
16,popcount16_tree,frozen_hybrid,32003,13,local,0x3028,0x1028,3,71.941154,73.36189,73.245274,194.446,7.21356,5.00288e-05,1,5772a7cdc6410042
16,popcount16_tree,frozen_hybrid,32003,14,global,,0x5800,3,73.266958,73.36189,73.245274,196.042,7.3463,4.30331e-05,1,4bce9269c46fc7ae
16,popcount16_tree,frozen_hybrid,32003,15,local,0x3028,0x3038,5,73.30733,73.36189,73.245274,198.17,7.35055,4.40689e-05,1,768770f14f5ed154
16,popcount16_tree,frozen_hybrid,32003,16,global,,0x7e20,7,72.982524,73.36189,73.245274,209.076,7.31916,4.62915e-05,1,dc31b908650f61e5
64,popcount64_tree,v3_global,32001,1,global,,0x3040000000,3,66.12801,68.925898,68.925898,535.99,6.6664,0.000570332,0,0465563bc8632463
64,popcount64_tree,v3_global,32001,2,global,,0x7fffffee8c000000,32,68.440662,68.925898,68.925898,742.938,6.91836,0.000507915,0,51ca8f3d5d6145bc
64,popcount64_tree,v3_global,32001,3,global,,0x7ffffffa08800020,32,68.110862,68.925898,68.925898,742.938,6.88538,0.0004985,0,df87999f28a7f091
64,popcount64_tree,v3_global,32001,4,global,,0x10000008800000,3,65.375062,68.925898,68.925898,530.138,6.59052,0.000501192,0,83a68a4a59b17ecc
64,popcount64_tree,v3_global,32001,5,global,,0x7fffffffffd48000,44,68.620242,68.925898,68.925898,748.258,6.93685,0.000509291,0,45b76b77de5d1a72
64,popcount64_tree,v3_global,32001,6,global,,0x7ffffffc90040000,32,68.523762,68.925898,68.925898,742.938,6.92667,0.000506476,0,064981c33140dd7a
64,popcount64_tree,v3_global,32001,7,global,,0x7ffffffe04400000,32,68.846238,68.925898,68.925898,746.662,6.95929,0.000557851,0,9cd8dff63da75d0d
64,popcount64_tree,v3_global,32001,8,global,,0x7ffffffd00000081,32,68.832838,68.925898,68.925898,746.662,6.95795,0.000557435,0,58809c41edef818a
64,popcount64_tree,v3_global,32001,9,global,,0x7fffff7e4c000000,32,68.349862,68.925898,68.925898,742.938,6.90928,0.000506344,0,a4147ab25c671566
64,popcount64_tree,v3_global,32001,10,global,,0x7fffffef20040000,32,68.879038,68.925898,68.925898,746.662,6.96257,0.00055411,0,04a720b7795e256e
64,popcount64_tree,v3_global,32001,11,global,,0x7fffe40000800000,20,68.680418,68.925898,68.925898,712.082,6.93925,0.000493095,0,2f14ab568d86cd82
64,popcount64_tree,v3_global,32001,12,global,,0x7a20000800000000,7,66.911416,68.925898,68.925898,631.484,6.75429,0.000497972,0,34137a3382bcb0f6
64,popcount64_tree,v3_global,32001,13,global,,0x7fffffff80000000,32,68.587242,68.925898,68.925898,748.258,6.93355,0.000511222,0,0c54fa3049564dc8
64,popcount64_tree,v3_global,32001,14,global,,0x7ffffff600002402,32,68.033062,68.925898,68.925898,742.938,6.8776,0.000506325,0,ac13423cf27bfa61
64,popcount64_tree,v3_global,32001,15,global,,0x100000000,1,66.650186,68.925898,68.925898,486.514,6.71367,0.000576888,0,d283cafb4c61b184
64,popcount64_tree,v3_global,32001,16,global,,0x7ffffffc48040000,32,68.434062,68.925898,68.925898,742.938,6.9177,0.000508399,0,684424530ee83bea
64,popcount64_tree,v3_global,32002,1,global,,0x7ffffffe30100001,34,68.649302,68.925898,68.925898,745.598,6.93949,0.000507545,0,f0ae388b754af0fa
64,popcount64_tree,v3_global,32002,2,global,,0x7ffffffffffffe60,56,69.041046,69.041046,68.925898,749.854,6.97909,0.000549894,0,6680120ce4609566
64,popcount64_tree,v3_global,32002,3,global,,0x7ffffffe80200000,32,68.874538,69.041046,68.925898,746.662,6.96212,0.000557591,0,f79c3855255e608f
64,popcount64_tree,v3_global,32002,4,global,,0x7ffffff8c0002000,31,67.884022,69.041046,68.925898,740.278,6.86243,0.000508152,0,8e8be286902ea517
64,popcount64_tree,v3_global,32002,5,global,,0x2208000000000000,3,64.347564,69.041046,68.925898,597.436,6.4945,0.00102936,0,13e9f8d5d3077cda
64,popcount64_tree,v3_global,32002,6,global,,0x7ffffff801100810,32,68.791226,69.041046,68.925898,741.874,6.95331,0.000538553,0,4cbca931765aa9ff
64,popcount64_tree,v3_global,32002,7,global,,0x1000,1,66.822108,69.041046,68.925898,481.992,6.73041,0.00054183,0,df51251117973a61
64,popcount64_tree,v3_global,32002,8,global,,0x7b02000000000000,7,66.967,69.041046,68.925898,625.1,6.75921,0.000457301,0,62eb185aa5dda384
64,popcount64_tree,v3_global,32002,9,global,,0x7ffffff007020040,32,68.321082,69.041046,68.925898,737.618,6.90587,0.000501373,0,7d78383114d017d6
64,popcount64_tree,v3_global,32002,10,global,,0x7ffffffe60000000,32,68.838138,69.041046,68.925898,746.662,6.95848,0.000558651,0,9a8be5a9b29865f6
64,popcount64_tree,v3_global,32002,11,global,,0x7fffffd811004003,32,68.688478,69.041046,68.925898,736.022,6.94245,0.000514831,0,17470e069d6eb421
64,popcount64_tree,v3_global,32002,12,global,,0x7ffffffd08100000,32,68.819038,69.041046,68.925898,746.662,6.95657,0.000559846,0,23020175c2990a50
64,popcount64_tree,v3_global,32002,13,global,,0x7ffffff200090204,32,68.401822,69.041046,68.925898,740.278,6.91421,0.000505072,0,3fc1c0e788e445bd
64,popcount64_tree,v3_global,32002,14,global,,0x7ffffffe00008000,31,68.863238,69.041046,68.925898,746.662,6.96099,0.000557867,0,1cf5eba4b6d7e27b
64,popcount64_tree,v3_global,32002,15,global,,0x4400002000000000,3,64.405542,69.041046,68.925898,562.058,6.49676,0.000683676,0,5d455d85f671f542
64,popcount64_tree,v3_global,32002,16,global,,0x7fffffff01000000,32,68.642542,69.041046,68.925898,748.258,6.93908,0.000509221,0,287bbd75d90e12da
64,popcount64_tree,v3_global,32003,1,global,,0x7ffffff28c020000,32,68.407422,68.925898,68.925898,740.278,6.91477,0.000503053,0,1947a95131f63f6d
64,popcount64_tree,v3_global,32003,2,global,,0x7fffffff20000000,32,68.629042,68.925898,68.925898,748.258,6.93773,0.000510648,0,711e55d4f673504e
64,popcount64_tree,v3_global,32003,3,global,,0x7ffffffb00040020,32,68.294002,68.925898,68.925898,745.598,6.90396,0.000503016,0,11fcbb3695d3bfbc
64,popcount64_tree,v3_global,32003,4,global,,0x7fffffff00400000,32,68.649842,68.925898,68.925898,748.258,6.93981,0.000509334,0,20a96c423882f219
64,popcount64_tree,v3_global,32003,5,global,,0x7fffff7f50000000,32,68.809538,68.925898,68.925898,746.662,6.95562,0.000556353,0,03afd585937299d3
64,popcount64_tree,v3_global,32003,6,global,,0x7ffffffa88000080,32,68.373262,68.925898,68.925898,742.938,6.91162,0.000507298,0,2f1b74185f62244c
64,popcount64_tree,v3_global,32003,7,global,,0x7ffffffd02020000,32,68.824338,68.925898,68.925898,746.662,6.9571,0.000557498,0,3fb710309cba98e3
64,popcount64_tree,v3_global,32003,8,global,,0x7ffffffe10008000,32,68.877738,68.925898,68.925898,746.662,6.96244,0.000557646,0,201453a8a5815d99
64,popcount64_tree,v3_global,32003,9,global,,0x200000000000,1,66.641886,68.925898,68.925898,486.514,6.71284,0.000579362,0,c038c56910336148
64,popcount64_tree,v3_global,32003,10,global,,0x7fffffff80000000,32,68.587242,68.925898,68.925898,748.258,6.93355,0.000511222,1,0c54fa3049564dc8
64,popcount64_tree,v3_global,32003,11,global,,0x7ffffffa80000014,32,67.990262,68.925898,68.925898,742.938,6.87332,0.000507413,0,4151ac27811cd0e1
64,popcount64_tree,v3_global,32003,12,global,,0x7ffffffe04001000,32,68.868438,68.925898,68.925898,746.662,6.96151,0.000562574,0,48cace4e9d590acd
64,popcount64_tree,v3_global,32003,13,global,,0x7ffffffe00840000,32,68.862338,68.925898,68.925898,746.662,6.9609,0.000558181,0,75789f7bc0b89119
64,popcount64_tree,v3_global,32003,14,global,,0x7ffffffa85000000,32,68.530562,68.925898,68.925898,742.938,6.92735,0.000506456,0,6d2a099cdb1b9a4c
64,popcount64_tree,v3_global,32003,15,global,,0x7ffffffcc4000000,32,68.455662,68.925898,68.925898,742.938,6.91986,0.000508817,0,4b43621e4ac8f883
64,popcount64_tree,v3_global,32003,16,global,,0x7ffffff704200000,32,68.783138,68.925898,68.925898,746.662,6.95298,0.000557035,0,b55d56819af68d46
64,popcount64_tree,uniform_local,32001,1,local,0x7fffffffffffffff,0x7fffffffffffefff,62,69.048678,69.048678,68.925898,749.322,6.9798,0.00055713,0,0548859a3a4ec38a
64,popcount64_tree,uniform_local,32001,2,local,0x7fffffffffffefff,0x7ffffffbffffefff,61,68.877398,69.048678,68.925898,744.002,6.96214,0.000520043,0,486367884a23b6ff
64,popcount64_tree,uniform_local,32001,3,local,0x7fffffffffffefff,0x7fffffffffffefbf,61,68.926498,69.048678,68.925898,744.002,6.96705,0.000521188,0,cf187dc121e312a6
64,popcount64_tree,uniform_local,32001,4,local,0x7fffffffffffefff,0x7ffbffffffffefff,61,68.89326,69.048678,68.925898,742.14,6.96354,0.000519045,0,69a97444343bbb0d
64,popcount64_tree,uniform_local,32001,5,local,0x7fffffffffffefff,0x7fffffffdfffefff,61,68.896498,69.048678,68.925898,744.002,6.96405,0.000521062,0,223b19a5a7f2520d
64,popcount64_tree,uniform_local,32001,6,local,0x7fffffffffffefff,0x7fffffffffffeffd,61,68.904598,69.048678,68.925898,744.002,6.96486,0.000522148,0,c15365d5a8c41520
64,popcount64_tree,uniform_local,32001,7,local,0x7fffffffffffefff,0x7fffffffffffe7ff,61,68.904498,69.048678,68.925898,744.002,6.96485,0.000520224,0,7d6bd19135641778
64,popcount64_tree,uniform_local,32001,8,local,0x7fffffffffffefff,0x7fffffffffbfefff,61,68.903298,69.048678,68.925898,744.002,6.96473,0.00051847,0,29248eaf4a313d4d
64,popcount64_tree,uniform_local,32001,9,local,0x7fffffffffffefff,0x7ffffffffffeefff,61,68.871698,69.048678,68.925898,744.002,6.96157,0.000523009,0,8ad58e789518c0e5
64,popcount64_tree,uniform_local,32001,10,local,0x7fffffffffffefff,0x7ffffffffeffefff,61,68.888998,69.048678,68.925898,744.002,6.9633,0.000521522,0,dbb140f30c47d109
64,popcount64_tree,uniform_local,32001,11,local,0x7fffffffffffefff,0x77ffffffffffefff,61,68.934862,69.048678,68.925898,742.938,6.96778,0.000517459,0,5c7e9c7cb17bad90
64,popcount64_tree,uniform_local,32001,12,local,0x7fffffffffffefff,0x7fffffffff7fefff,61,68.960898,69.048678,68.925898,744.002,6.97049,0.000518912,0,0badb982d19c8dcd
64,popcount64_tree,uniform_local,32001,13,local,0x7fffffffffffefff,0x7f7fffffffffefff,61,68.86256,69.048678,68.925898,742.14,6.96047,0.000521337,0,bce7f5c6fac1854c
64,popcount64_tree,uniform_local,32001,14,local,0x7fffffffffffefff,0x7ffffffffffdefff,61,68.878798,69.048678,68.925898,744.002,6.96228,0.00052378,0,1958863137bcaadc
64,popcount64_tree,uniform_local,32001,15,local,0x7fffffffffffefff,0x7effffffffffefff,61,68.899062,69.048678,68.925898,742.938,6.9642,0.00052101,0,7ac5c6230c466ead
64,popcount64_tree,uniform_local,32001,16,local,0x7fffffffffffefff,0x7ffffffffff7efff,61,68.904198,69.048678,68.925898,744.002,6.96482,0.00052159,0,78b4b3a7ff32ed12
64,popcount64_tree,uniform_local,32002,1,local,0x7fffffffffffffff,0x77ffffffffffffff,62,68.913162,68.925898,68.925898,742.938,6.96561,0.000517461,0,817f27605609f844
64,popcount64_tree,uniform_local,32002,2,local,0x7fffffffffffffff,0x7fefffffffffffff,62,68.91376,68.925898,68.925898,742.14,6.96559,0.000518653,0,4b4a24d1bc3b6e79
64,popcount64_tree,uniform_local,32002,3,local,0x7fffffffffffffff,0x7ffffffffffffdff,62,69.032178,69.032178,68.925898,749.322,6.97815,0.000563856,0,0d8ec8f6ba175f28
64,popcount64_tree,uniform_local,32002,4,local,0x7ffffffffffffdff,0x7bfffffffffffdff,61,68.850862,69.032178,68.925898,742.938,6.95938,0.000521004,0,401c8c20f2ecf926
64,popcount64_tree,uniform_local,32002,5,local,0x7ffffffffffffdff,0x7fffffbffffffdff,61,68.897098,69.032178,68.925898,744.002,6.96411,0.000520226,0,d5968e6d1c4ba215
64,popcount64_tree,uniform_local,32002,6,local,0x7ffffffffffffdff,0x7ffffffffefffdff,61,68.853698,69.032178,68.925898,744.002,6.95977,0.000521174,0,2c670db1b7104820
64,popcount64_tree,uniform_local,32002,7,local,0x7ffffffffffffdff,0x7fffffff7ffffdff,61,68.830198,69.032178,68.925898,744.002,6.95742,0.000521565,0,ac2c0b560c42cc0c
64,popcount64_tree,uniform_local,32002,8,local,0x7ffffffffffffdff,0x7ffffefffffffdff,61,68.846398,69.032178,68.925898,744.002,6.95904,0.00051997,0,f461b2f21cb74a9e
64,popcount64_tree,uniform_local,32002,9,local,0x7ffffffffffffdff,0x7fffbffffffffdff,61,68.824498,69.032178,68.925898,744.002,6.95685,0.000519938,0,7d2fca1df599041c
64,popcount64_tree,uniform_local,32002,10,local,0x7ffffffffffffdff,0x7ffffffffffdfdff,61,68.952898,69.032178,68.925898,744.002,6.96969,0.000520778,0,9aa7071a29a29c74
64,popcount64_tree,uniform_local,32002,11,local,0x7ffffffffffffdff,0x7ffffffffffffddf,61,68.895598,69.032178,68.925898,744.002,6.96396,0.000521549,0,4ca5b8652431e605
64,popcount64_tree,uniform_local,32002,12,local,0x7ffffffffffffdff,0x7ffffffffffffdef,61,68.877298,69.032178,68.925898,744.002,6.96213,0.000521163,0,eb8524aebadd3466
64,popcount64_tree,uniform_local,32002,13,local,0x7ffffffffffffdff,0x7ffffffffffffdfe,61,68.884698,69.032178,68.925898,744.002,6.96287,0.000520623,0,8ff87f468cc36a74
64,popcount64_tree,uniform_local,32002,14,local,0x7ffffffffffffdff,0x7ffffffffdfffdff,61,68.858598,69.032178,68.925898,744.002,6.96026,0.00052267,0,b7b8edbaf1bdebb0
64,popcount64_tree,uniform_local,32002,15,local,0x7ffffffffffffdff,0x7fffffffbffffdff,61,68.882098,69.032178,68.925898,744.002,6.96261,0.000522615,0,04660432dc61de5e
64,popcount64_tree,uniform_local,32002,16,local,0x7ffffffffffffdff,0x7dfffffffffffdff,61,68.887162,69.032178,68.925898,742.938,6.96301,0.000523135,0,bc30c4dbbe770bc6
64,popcount64_tree,uniform_local,32003,1,local,0x7fffffffffffffff,0x7effffffffffffff,62,68.948162,68.948162,68.925898,742.938,6.96911,0.000519157,0,ca2c3ec2882ab3fb
64,popcount64_tree,uniform_local,32003,2,local,0x7effffffffffffff,0x7efffffffffffffb,61,68.848762,68.948162,68.925898,742.938,6.95917,0.000523343,0,8310b53f5aa8a414
64,popcount64_tree,uniform_local,32003,3,local,0x7effffffffffffff,0x7effffff7fffffff,61,68.868262,68.948162,68.925898,742.938,6.96112,0.000521761,0,ea81959eb93b376f
64,popcount64_tree,uniform_local,32003,4,local,0x7effffffffffffff,0x7efffffffff7ffff,61,68.872762,68.948162,68.925898,742.938,6.96157,0.000521629,0,3c723ed7ea32c348
64,popcount64_tree,uniform_local,32003,5,local,0x7effffffffffffff,0x7effffffffff7fff,61,68.895062,68.948162,68.925898,742.938,6.9638,0.000520346,0,d202f577cc69bde1
64,popcount64_tree,uniform_local,32003,6,local,0x7effffffffffffff,0x7efbffffffffffff,61,68.918224,68.948162,68.925898,741.076,6.96593,0.000518774,0,460cf3d738ce6414
64,popcount64_tree,uniform_local,32003,7,local,0x7effffffffffffff,0x7effffffffefffff,61,68.948762,68.948762,68.925898,742.938,6.96917,0.000518302,0,080e0754938fde8d
64,popcount64_tree,uniform_local,32003,8,local,0x7effffffffefffff,0x7effffffffcfffff,60,68.946062,68.948762,68.925898,742.938,6.9689,0.000519258,0,d4e40b4327bb0751
64,popcount64_tree,uniform_local,32003,9,local,0x7effffffffefffff,0x7effffffffefffbf,60,68.960262,68.960262,68.925898,742.938,6.97032,0.000518952,0,006c9f0c576aadb6
64,popcount64_tree,uniform_local,32003,10,local,0x7effffffffefffbf,0x7effffffbfefffbf,59,68.966662,68.966662,68.925898,742.938,6.97096,0.000523321,0,a5d1eaa8c9500e5d
64,popcount64_tree,uniform_local,32003,11,local,0x7effffffbfefffbf,0x7effffffbfeffdbf,58,68.985362,68.985362,68.925898,742.938,6.97283,0.000520306,0,07fa543ca26745ca
64,popcount64_tree,uniform_local,32003,12,local,0x7effffffbfeffdbf,0x7effffbfbfeffdbf,57,68.981662,68.985362,68.925898,742.938,6.97246,0.000518879,0,41ad4bf5336283b5
64,popcount64_tree,uniform_local,32003,13,local,0x7effffffbfeffdbf,0x7effefffbfeffdbf,57,68.980962,68.985362,68.925898,742.938,6.97239,0.000517561,0,0492fdcf658073f9
64,popcount64_tree,uniform_local,32003,14,local,0x7effffffbfeffdbf,0x7effffffbfeffdbb,57,68.971962,68.985362,68.925898,742.938,6.97149,0.000517045,0,a964d636dd2192ef
64,popcount64_tree,uniform_local,32003,15,local,0x7effffffbfeffdbf,0x7effffffbfefddbf,57,68.976262,68.985362,68.925898,742.938,6.97192,0.000519888,0,a1949c50325a764b
64,popcount64_tree,uniform_local,32003,16,local,0x7effffffbfeffdbf,0x7effffff3feffdbf,57,68.981962,68.985362,68.925898,742.938,6.97249,0.000519842,0,59027355370a7ddb
64,popcount64_tree,v3_hybrid,32001,1,local,0x7fffffffffffffff,0x7fffffffffffefff,62,69.048678,69.048678,68.925898,749.322,6.9798,0.00055713,1,0548859a3a4ec38a
64,popcount64_tree,v3_hybrid,32001,2,global,,0x7fffffee98000000,32,68.426762,69.048678,68.925898,742.938,6.91697,0.000507637,0,8c6c97db745bc3b3
64,popcount64_tree,v3_hybrid,32001,3,local,0x7fffffffffffefff,0x7fffffffffffefbf,61,68.926498,69.048678,68.925898,744.002,6.96705,0.000521188,1,cf187dc121e312a6
64,popcount64_tree,v3_hybrid,32001,4,global,,0x10000008800000,3,65.375062,69.048678,68.925898,530.138,6.59052,0.000501192,1,83a68a4a59b17ecc
64,popcount64_tree,v3_hybrid,32001,5,local,0x7fffffffffffefff,0x7fffffffdfffefff,61,68.896498,69.048678,68.925898,744.002,6.96405,0.000521062,1,223b19a5a7f2520d
64,popcount64_tree,v3_hybrid,32001,6,global,,0x7ffffffd20080000,32,68.873738,69.048678,68.925898,746.662,6.96204,0.00056001,0,61f443815733db4c
64,popcount64_tree,v3_hybrid,32001,7,local,0x7fffffffffffefff,0x7fffffffffffebff,61,68.833298,69.048678,68.925898,744.002,6.95773,0.000523135,0,5d6259da38edf9a0
64,popcount64_tree,v3_hybrid,32001,8,global,,0x7ffffffd00000081,32,68.832838,69.048678,68.925898,746.662,6.95795,0.000557435,1,58809c41edef818a
64,popcount64_tree,v3_hybrid,32001,9,local,0x7fffffffffffefff,0x7fffffffffff6fff,61,68.917898,69.048678,68.925898,744.002,6.96619,0.000520365,0,9228c850cc1e2e52
64,popcount64_tree,v3_hybrid,32001,10,global,,0x7ffffff740040000,32,68.769238,69.048678,68.925898,746.662,6.95159,0.000559706,0,2b7cd6e99a114f86
64,popcount64_tree,v3_hybrid,32001,11,local,0x7fffffffffffefff,0x6fffffffffffefff,61,68.95682,69.048678,68.925898,739.48,6.96963,0.000523175,0,e5af7ba170bd9fdd
64,popcount64_tree,v3_hybrid,32001,12,global,,0x7a20000800000000,7,66.911416,69.048678,68.925898,631.484,6.75429,0.000497972,1,34137a3382bcb0f6
64,popcount64_tree,v3_hybrid,32001,13,local,0x7fffffffffffefff,0x7ffdffffffffefff,61,68.88966,69.048678,68.925898,742.14,6.96318,0.00052083,0,1702295e06d1cf2e
64,popcount64_tree,v3_hybrid,32001,14,global,,0x7ffffff600002402,32,68.033062,69.048678,68.925898,742.938,6.8776,0.000506325,1,ac13423cf27bfa61
64,popcount64_tree,v3_hybrid,32001,15,local,0x7fffffffffffefff,0x7dffffffffffefff,61,68.937462,69.048678,68.925898,742.938,6.96804,0.000518085,0,f46ae153942ccbdd
64,popcount64_tree,v3_hybrid,32001,16,global,,0x7fffffff40000000,32,68.631542,69.048678,68.925898,748.258,6.93798,0.000510435,0,544b7d9751747392
64,popcount64_tree,v3_hybrid,32002,1,local,0x7fffffffffffffff,0x77ffffffffffffff,62,68.913162,68.925898,68.925898,742.938,6.96561,0.000517461,1,817f27605609f844
64,popcount64_tree,v3_hybrid,32002,2,global,,0x7ffffff703000000,32,68.805138,68.925898,68.925898,746.662,6.95518,0.000556102,0,a51288fa118983ce
64,popcount64_tree,v3_hybrid,32002,3,local,0x7fffffffffffffff,0x7ffffffffffffdff,62,69.032178,69.032178,68.925898,749.322,6.97815,0.000563856,1,0d8ec8f6ba175f28
64,popcount64_tree,v3_hybrid,32002,4,global,,0x7fff830000080000,19,68.03306,69.032178,68.925898,715.54,6.87486,0.000483872,0,08751c9749ce1731
64,popcount64_tree,v3_hybrid,32002,5,local,0x7ffffffffffffdff,0x7fffffbffffffdff,61,68.897098,69.032178,68.925898,744.002,6.96411,0.000520226,1,d5968e6d1c4ba215
64,popcount64_tree,v3_hybrid,32002,6,global,,0x7fffffb18ac00000,32,68.838286,69.032178,68.925898,739.214,6.95775,0.000538959,0,633458f1d8e2a49b
64,popcount64_tree,v3_hybrid,32002,7,local,0x7ffffffffffffdff,0x7fffffffbffffdff,61,68.882098,69.032178,68.925898,744.002,6.96261,0.000522615,1,04660432dc61de5e
64,popcount64_tree,v3_hybrid,32002,8,global,,0x6040000000000000,3,66.88682,69.032178,68.925898,553.28,6.74401,0.000490045,0,de2ea3cb8ec2ed31
64,popcount64_tree,v3_hybrid,32002,9,local,0x7ffffffffffffdff,0x7fffeffffffffdff,61,68.892198,69.032178,68.925898,744.002,6.96362,0.000517584,0,0c47b51d0cb87d6d
64,popcount64_tree,v3_hybrid,32002,10,global,,0x7ffffffd80000000,31,68.837038,69.032178,68.925898,746.662,6.95837,0.000561815,0,4dca2ec79e5ef52f
64,popcount64_tree,v3_hybrid,32002,11,local,0x7ffffffffffffdff,0x7ffffffffffffddf,61,68.895598,69.032178,68.925898,744.002,6.96396,0.000521549,1,4ca5b8652431e605
64,popcount64_tree,v3_hybrid,32002,12,global,,0x7ffffffd08100000,32,68.819038,69.032178,68.925898,746.662,6.95657,0.000559846,1,23020175c2990a50
64,popcount64_tree,v3_hybrid,32002,13,local,0x7ffffffffffffdff,0x7ffffffffffffdfe,61,68.884698,69.032178,68.925898,744.002,6.96287,0.000520623,1,8ff87f468cc36a74
64,popcount64_tree,v3_hybrid,32002,14,global,,0x7e00000004000000,7,67.076044,69.032178,68.925898,616.056,6.76921,0.000441561,0,ad7be27f356a2c77
64,popcount64_tree,v3_hybrid,32002,15,local,0x7ffffffffffffdff,0x7ffffffffbfffdff,61,68.871598,69.032178,68.925898,744.002,6.96156,0.000519161,0,30cbe449b817a3c6
64,popcount64_tree,v3_hybrid,32002,16,global,,0x7fffffff02000000,32,68.612142,69.032178,68.925898,748.258,6.93604,0.000510889,0,ae18d290fdd4c595
64,popcount64_tree,v3_hybrid,32003,1,local,0x7fffffffffffffff,0x7effffffffffffff,62,68.948162,68.948162,68.925898,742.938,6.96911,0.000519157,1,ca2c3ec2882ab3fb
64,popcount64_tree,v3_hybrid,32003,2,global,,0x7fffffff20000000,32,68.629042,68.948162,68.925898,748.258,6.93773,0.000510648,1,711e55d4f673504e
64,popcount64_tree,v3_hybrid,32003,3,local,0x7effffffffffffff,0x7effffffbfffffff,61,68.738362,68.948162,68.925898,742.938,6.94813,0.000522974,0,c8c3c6a855438b9c
64,popcount64_tree,v3_hybrid,32003,4,global,,0x7fffffff00400000,32,68.649842,68.948162,68.925898,748.258,6.93981,0.000509334,1,20a96c423882f219
64,popcount64_tree,v3_hybrid,32003,5,local,0x7effffffffffffff,0x7effffffffffbfff,61,68.951162,68.951162,68.925898,742.938,6.96941,0.000518297,0,83c44133c4617730
64,popcount64_tree,v3_hybrid,32003,6,global,,0x7ffffffa88000080,32,68.373262,68.951162,68.925898,742.938,6.91162,0.000507298,1,2f1b74185f62244c
64,popcount64_tree,v3_hybrid,32003,7,local,0x7effffffffffbfff,0x3effffffffffbfff,60,68.411022,68.951162,68.925898,740.278,6.91513,0.000502085,0,cb615600edffb67c
64,popcount64_tree,v3_hybrid,32003,8,global,,0x7ffffffe10004000,32,68.843738,68.951162,68.925898,746.662,6.95904,0.000555066,0,feabdedad1c10b01
64,popcount64_tree,v3_hybrid,32003,9,local,0x7effffffffffbfff,0x7effffffffffbfbf,60,68.879262,68.951162,68.925898,742.938,6.96222,0.000519997,0,549bda0ffaebd795
64,popcount64_tree,v3_hybrid,32003,10,global,,0x7fffffff80000000,32,68.587242,68.951162,68.925898,748.258,6.93355,0.000511222,1,0c54fa3049564dc8
64,popcount64_tree,v3_hybrid,32003,11,local,0x7effffffffffbfff,0x7effffffffffbbff,60,68.916262,68.951162,68.925898,742.938,6.96592,0.000519721,0,61f9b61ca3d82f9c
64,popcount64_tree,v3_hybrid,32003,12,global,,0x7fffffff00000100,32,68.626142,68.951162,68.925898,748.258,6.93744,0.000510575,0,b85a7de8ff8fccab
64,popcount64_tree,v3_hybrid,32003,13,local,0x7effffffffffbfff,0x7effdfffffffbfff,60,68.918562,68.951162,68.925898,742.938,6.96615,0.000523571,0,08c8f77d37616253
64,popcount64_tree,v3_hybrid,32003,14,global,,0x7ffffffa89000000,32,68.503462,68.951162,68.925898,742.938,6.92464,0.000507139,0,aaa198be689334a7
64,popcount64_tree,v3_hybrid,32003,15,local,0x7effffffffffbfff,0x7effffffffff9fff,60,68.926962,68.951162,68.925898,742.938,6.96699,0.000520773,0,16bc1b7d0810601b
64,popcount64_tree,v3_hybrid,32003,16,global,,0x7ffffff708400000,32,68.799338,68.951162,68.925898,746.662,6.9546,0.000556411,0,b7376110aaf2fbf8
64,popcount64_tree,frozen_hybrid,32001,1,local,0x7fffffffffffffff,0x7fffffffffffefff,62,69.048678,69.048678,68.925898,749.322,6.9798,0.00055713,1,0548859a3a4ec38a
64,popcount64_tree,frozen_hybrid,32001,2,global,,0x7fffffee98000000,32,68.426762,69.048678,68.925898,742.938,6.91697,0.000507637,1,8c6c97db745bc3b3
64,popcount64_tree,frozen_hybrid,32001,3,local,0x7fffffffffffefff,0x7fffffffffffefbf,61,68.926498,69.048678,68.925898,744.002,6.96705,0.000521188,1,cf187dc121e312a6
64,popcount64_tree,frozen_hybrid,32001,4,global,,0x10000008800000,3,65.375062,69.048678,68.925898,530.138,6.59052,0.000501192,1,83a68a4a59b17ecc
64,popcount64_tree,frozen_hybrid,32001,5,local,0x7fffffffffffefff,0x7fffffffdfffefff,61,68.896498,69.048678,68.925898,744.002,6.96405,0.000521062,1,223b19a5a7f2520d
64,popcount64_tree,frozen_hybrid,32001,6,global,,0x7ffffffd20080000,32,68.873738,69.048678,68.925898,746.662,6.96204,0.00056001,1,61f443815733db4c
64,popcount64_tree,frozen_hybrid,32001,7,local,0x7fffffffffffefff,0x7fffffffffffebff,61,68.833298,69.048678,68.925898,744.002,6.95773,0.000523135,1,5d6259da38edf9a0
64,popcount64_tree,frozen_hybrid,32001,8,global,,0x20004000040,3,65.984336,69.048678,68.925898,519.764,6.65041,0.000571678,0,0ffb47a60cb13794
64,popcount64_tree,frozen_hybrid,32001,9,local,0x7fffffffffffefff,0x7fffffffffff6fff,61,68.917898,69.048678,68.925898,744.002,6.96619,0.000520365,1,9228c850cc1e2e52
64,popcount64_tree,frozen_hybrid,32001,10,global,,0x7ffffff740080000,32,68.771138,69.048678,68.925898,746.662,6.95178,0.000556586,0,ff2fdfacb4fc898a
64,popcount64_tree,frozen_hybrid,32001,11,local,0x7fffffffffffefff,0x6fffffffffffefff,61,68.95682,69.048678,68.925898,739.48,6.96963,0.000523175,1,e5af7ba170bd9fdd
64,popcount64_tree,frozen_hybrid,32001,12,global,,0x2200004000000000,3,64.36265,69.048678,68.925898,591.85,6.49545,0.00100861,0,963c952f39a9a177
64,popcount64_tree,frozen_hybrid,32001,13,local,0x7fffffffffffefff,0x7ffdffffffffefff,61,68.88966,69.048678,68.925898,742.14,6.96318,0.00052083,1,1702295e06d1cf2e
64,popcount64_tree,frozen_hybrid,32001,14,global,,0x2,1,66.882808,69.048678,68.925898,481.992,6.73648,0.000540796,0,1c4f5245af5506c5
64,popcount64_tree,frozen_hybrid,32001,15,local,0x7fffffffffffefff,0x7dffffffffffefff,61,68.937462,69.048678,68.925898,742.938,6.96804,0.000518085,1,f46ae153942ccbdd
64,popcount64_tree,frozen_hybrid,32001,16,global,,0x7ffffff900404400,32,68.443162,69.048678,68.925898,742.938,6.91861,0.000508202,0,1b27fe4a4eea08ce
64,popcount64_tree,frozen_hybrid,32002,1,local,0x7fffffffffffffff,0x77ffffffffffffff,62,68.913162,68.925898,68.925898,742.938,6.96561,0.000517461,1,817f27605609f844
64,popcount64_tree,frozen_hybrid,32002,2,global,,0x7ffffff703000000,32,68.805138,68.925898,68.925898,746.662,6.95518,0.000556102,1,a51288fa118983ce
64,popcount64_tree,frozen_hybrid,32002,3,local,0x7fffffffffffffff,0x7ffffffffffffdff,62,69.032178,69.032178,68.925898,749.322,6.97815,0.000563856,1,0d8ec8f6ba175f28
64,popcount64_tree,frozen_hybrid,32002,4,global,,0x6c18000000800000,7,66.098388,69.032178,68.925898,607.012,6.67054,0.000493172,0,0eeca1618e57cff7
64,popcount64_tree,frozen_hybrid,32002,5,local,0x7ffffffffffffdff,0x7fffffbffffffdff,61,68.897098,69.032178,68.925898,744.002,6.96411,0.000520226,1,d5968e6d1c4ba215
64,popcount64_tree,frozen_hybrid,32002,6,global,,0x7ffffff800880810,32,68.807926,69.032178,68.925898,741.874,6.95498,0.000539146,0,63fca1e78fc250f1
64,popcount64_tree,frozen_hybrid,32002,7,local,0x7ffffffffffffdff,0x7fffffffbffffdff,61,68.882098,69.032178,68.925898,744.002,6.96261,0.000522615,1,04660432dc61de5e
64,popcount64_tree,frozen_hybrid,32002,8,global,,0x6040000000000000,3,66.88682,69.032178,68.925898,553.28,6.74401,0.000490045,1,de2ea3cb8ec2ed31
64,popcount64_tree,frozen_hybrid,32002,9,local,0x7ffffffffffffdff,0x7fffeffffffffdff,61,68.892198,69.032178,68.925898,744.002,6.96362,0.000517584,1,0c47b51d0cb87d6d
64,popcount64_tree,frozen_hybrid,32002,10,global,,0x5400000000000000,3,64.681058,69.032178,68.925898,568.442,6.52495,0.000563563,0,cdcd7451ad0bb0a3
64,popcount64_tree,frozen_hybrid,32002,11,local,0x7ffffffffffffdff,0x7ffffffffffffddf,61,68.895598,69.032178,68.925898,744.002,6.96396,0.000521549,1,4ca5b8652431e605
64,popcount64_tree,frozen_hybrid,32002,12,global,,0x7c80800400000000,8,67.315692,69.032178,68.925898,621.908,6.79376,0.000467754,0,60e22b3dba9a5dd7
64,popcount64_tree,frozen_hybrid,32002,13,local,0x7ffffffffffffdff,0x7ffffffffffffdfe,61,68.884698,69.032178,68.925898,744.002,6.96287,0.000520623,1,8ff87f468cc36a74
64,popcount64_tree,frozen_hybrid,32002,14,global,,0x6000000020000000,3,67.251536,69.032178,68.925898,533.064,6.77846,0.000456113,0,601ecdd9efa078bd
64,popcount64_tree,frozen_hybrid,32002,15,local,0x7ffffffffffffdff,0x7ffffffffbfffdff,61,68.871598,69.032178,68.925898,744.002,6.96156,0.000519161,1,30cbe449b817a3c6
64,popcount64_tree,frozen_hybrid,32002,16,global,,0x7fffffff02000000,32,68.612142,69.032178,68.925898,748.258,6.93604,0.000510889,1,ae18d290fdd4c595
64,popcount64_tree,frozen_hybrid,32003,1,local,0x7fffffffffffffff,0x7effffffffffffff,62,68.948162,68.948162,68.925898,742.938,6.96911,0.000519157,1,ca2c3ec2882ab3fb
64,popcount64_tree,frozen_hybrid,32003,2,global,,0x7fffffff20000000,32,68.629042,68.948162,68.925898,748.258,6.93773,0.000510648,1,711e55d4f673504e
64,popcount64_tree,frozen_hybrid,32003,3,local,0x7effffffffffffff,0x7effffffbfffffff,61,68.738362,68.948162,68.925898,742.938,6.94813,0.000522974,1,c8c3c6a855438b9c
64,popcount64_tree,frozen_hybrid,32003,4,global,,0x7fffffff00400000,32,68.649842,68.948162,68.925898,748.258,6.93981,0.000509334,1,20a96c423882f219
64,popcount64_tree,frozen_hybrid,32003,5,local,0x7effffffffffffff,0x7effffffffffbfff,61,68.951162,68.951162,68.925898,742.938,6.96941,0.000518297,1,83c44133c4617730
64,popcount64_tree,frozen_hybrid,32003,6,global,,0x2000000000,1,66.635186,68.951162,68.925898,486.514,6.71217,0.000579111,0,3da2d57ef7f9d4f8
64,popcount64_tree,frozen_hybrid,32003,7,local,0x7effffffffffbfff,0x3effffffffffbfff,60,68.411022,68.951162,68.925898,740.278,6.91513,0.000502085,1,cb615600edffb67c
64,popcount64_tree,frozen_hybrid,32003,8,global,,0x7ffffffe10004000,32,68.843738,68.951162,68.925898,746.662,6.95904,0.000555066,1,feabdedad1c10b01
64,popcount64_tree,frozen_hybrid,32003,9,local,0x7effffffffffbfff,0x7effffffffffbfbf,60,68.879262,68.951162,68.925898,742.938,6.96222,0.000519997,1,549bda0ffaebd795
64,popcount64_tree,frozen_hybrid,32003,10,global,,0x4000000004002000,3,67.07695,68.951162,68.925898,512.05,6.7589,0.000514462,0,4db19c5f4bc7b95e
64,popcount64_tree,frozen_hybrid,32003,11,local,0x7effffffffffbfff,0x7effffffffffbbff,60,68.916262,68.951162,68.925898,742.938,6.96592,0.000519721,1,61f9b61ca3d82f9c
64,popcount64_tree,frozen_hybrid,32003,12,global,,0x7ffffffd80000100,32,68.773938,68.951162,68.925898,746.662,6.95206,0.000557909,0,f243463dab8f262e
64,popcount64_tree,frozen_hybrid,32003,13,local,0x7effffffffffbfff,0x7effdfffffffbfff,60,68.918562,68.951162,68.925898,742.938,6.96615,0.000523571,1,08c8f77d37616253
64,popcount64_tree,frozen_hybrid,32003,14,global,,0x7440880000000000,7,66.843472,68.951162,68.925898,613.928,6.74574,0.000483939,0,bed466d3c2e9b9fa
64,popcount64_tree,frozen_hybrid,32003,15,local,0x7effffffffffbfff,0x7effffffffff9fff,60,68.926962,68.951162,68.925898,742.938,6.96699,0.000520773,1,16bc1b7d0810601b
64,popcount64_tree,frozen_hybrid,32003,16,global,,0x6700804000000000,7,66.79649,68.951162,68.925898,634.41,6.74309,0.00046895,0,45854b4d7e152c85
