seed,method,query,baseline,scale,expected_K
31001,v2_legacy,1,70.4822924,0.6512156451475055,20.411849498366486
31001,v2_legacy,2,70.61288872000002,0.6515688361180024,19.546953437715317
31001,v2_legacy,3,70.44597897600002,0.688164812894405,20.698201171774745
31001,v2_legacy,4,70.58602598080003,0.69057885511552,19.780303548937766
31001,v2_legacy,5,70.42877758464003,0.7097114802524216,20.502888882481987
31001,v2_legacy,6,70.56785006771203,0.7068416672739306,19.678749769300936
31001,v2_legacy,7,70.70056285416963,0.6981861202767388,19.040199004565846
31001,v2_legacy,8,70.22144948333572,1.037662267055317,19.314252420654917
31001,v2_legacy,9,70.40434238666859,1.01302271697711,18.84243286511554
31001,v2_legacy,10,70.54109670933488,0.9471724962479712,18.544356091055164
31001,v2_legacy,11,70.68292016746791,0.8995614551314008,18.260986286589013
31001,v2_legacy,12,70.82122173397434,0.8579507306115371,18.014246650524495
31001,v2_legacy,13,70.57111898717947,0.9364633312840986,17.982384897507643
31001,v2_legacy,14,70.70223678974358,0.8802884675913845,17.823670565520775
31001,v2_legacy,15,70.81005223179487,0.8120462161243922,17.70100892678874
31001,v2_legacy,16,70.8863789854359,0.7259637265405406,17.61595404918414
31001,v2_raw_aggregate,1,70.4822924,0.6512156451475055,20.411849498366486
31001,v2_raw_aggregate,2,70.61288872000002,0.6515688361180024,19.546953437715317
31001,v2_raw_aggregate,3,70.44597897600002,0.688164812894405,20.698201171774745
31001,v2_raw_aggregate,4,70.58602598080003,0.69057885511552,19.780303548937766
31001,v2_raw_aggregate,5,70.42877758464003,0.7097114802524216,20.502888882481987
31001,v2_raw_aggregate,6,70.56785006771203,0.7068416672739306,19.678749769300936
31001,v2_raw_aggregate,7,70.70056285416963,0.6981861202767388,19.040199004565846
31001,v2_raw_aggregate,8,70.22144948333572,1.037662267055317,19.314252420654917
31001,v2_raw_aggregate,9,70.40434238666859,1.01302271697711,18.84243286511554
31001,v2_raw_aggregate,10,70.54109670933488,0.9471724962479712,18.544356091055164
31001,v2_raw_aggregate,11,70.68292016746791,0.8995614551314008,18.260986286589013
31001,v2_raw_aggregate,12,70.82122173397434,0.8579507306115371,18.014246650524495
31001,v2_raw_aggregate,13,70.57111898717947,0.9364633312840986,17.982384897507643
31001,v2_raw_aggregate,14,70.70223678974358,0.8802884675913845,17.823670565520775
31001,v2_raw_aggregate,15,70.81005223179487,0.8120462161243922,17.70100892678874
31001,v2_raw_aggregate,16,70.8863789854359,0.7259637265405406,17.61595404918414
31001,v3_conditioned,1,70.4822924,0.6512156451475055,21.50491013238828
31001,v3_conditioned,2,70.61288872000002,0.6515688361180024,21.550170821616387
31001,v3_conditioned,3,70.44597897600002,0.688164812894405,21.640514090597357
31001,v3_conditioned,4,70.58602598080003,0.69057885511552,21.575482408060058
31001,v3_conditioned,5,70.71239838464004,0.6788354879324102,21.947300290463907
31001,v3_conditioned,6,70.79474670771204,0.6254167134179198,21.904517863362283
31001,v3_conditioned,7,70.88208016616963,0.5876668291919288,21.8475702576902
31001,v3_conditioned,8,70.36666333293572,0.9855502965874685,20.601941884900864
31001,v3_conditioned,9,70.57030266634857,0.9920795706828324,21.10789556524447
31001,v3_conditioned,10,70.67386493307886,0.8972259232765534,21.061912781702908
31001,v3_conditioned,11,70.7776691464631,0.8215849520054709,21.009576205229937
31001,v3_conditioned,12,70.84851811717049,0.7281169323117562,20.968983903316435
31001,v3_conditioned,13,70.59295609373639,0.8380555692835028,20.44098647344513
31001,v3_conditioned,14,70.68819967498911,0.765688036679525,20.391118642293414
31001,v3_conditioned,15,70.78328933999128,0.7076400943457976,20.33736212716744
31001,v3_conditioned,16,70.86910867199303,0.6519314074783802,20.28607045936103
31001,v2_frozen,1,70.3477165,0.6457996814343835,21.662391505451552
31001,v2_frozen,2,70.3477165,0.6457996814343835,21.662391505451552
31001,v2_frozen,3,70.3477165,0.6457996814343835,21.662391505451552
31001,v2_frozen,4,70.3477165,0.6457996814343835,21.662391505451552
31001,v2_frozen,5,70.3477165,0.6457996814343835,21.662391505451552
31001,v2_frozen,6,70.3477165,0.6457996814343835,21.662391505451552
31001,v2_frozen,7,70.3477165,0.6457996814343835,21.662391505451552
31001,v2_frozen,8,70.3477165,0.6457996814343835,21.662391505451552
31001,v2_frozen,9,70.3477165,0.6457996814343835,21.662391505451552
31001,v2_frozen,10,70.3477165,0.6457996814343835,21.662391505451552
31001,v2_frozen,11,70.3477165,0.6457996814343835,21.662391505451552
31001,v2_frozen,12,70.3477165,0.6457996814343835,21.662391505451552
31001,v2_frozen,13,70.3477165,0.6457996814343835,21.662391505451552
31001,v2_frozen,14,70.3477165,0.6457996814343835,21.662391505451552
31001,v2_frozen,15,70.3477165,0.6457996814343835,21.662391505451552
31001,v2_frozen,16,70.3477165,0.6457996814343835,21.662391505451552
31002,v2_legacy,1,70.51271600000001,0.6816392451475057,20.336742020049577
31002,v2_legacy,2,70.67894360000001,0.711538996118001,19.312955222107707
31002,v2_legacy,3,70.80788048000001,0.6981680768943985,18.71915867753383
31002,v2_legacy,4,70.68088678400001,0.6855281575155213,19.1340105938351
31002,v2_legacy,5,70.78311222720001,0.6506479692124153,18.696735907766588
31002,v2_legacy,6,70.87824698176001,0.6156531299299309,18.336561774675467
31002,v2_legacy,7,70.90591678540801,0.5425225039439447,18.2772894109663
31002,v2_legacy,8,70.96469062832641,0.4927918460735544,18.052501285283114
31002,v2_legacy,9,71.04063810266113,0.4701809511935605,17.77440459225681
31002,v2_legacy,10,71.08086768212891,0.42614476095484843,17.64328094727394
31002,v2_legacy,11,71.09733134570314,0.39091580876387877,17.58889382237338
31002,v2_legacy,12,71.11962227656252,0.362732647011103,17.512383330620278
31002,v2_legacy,13,71.13043502125002,0.3401861176088824,17.474571359605992
31002,v2_legacy,14,71.13237081700002,0.3221488940871059,17.46754060083901
31002,v2_legacy,15,71.14158625360002,0.3077191152696847,17.432627485500205
31002,v2_legacy,16,71.18069460288002,0.2961752922157478,17.28621332557177
31002,v2_raw_aggregate,1,70.51271600000001,0.6816392451475057,20.336742020049577
31002,v2_raw_aggregate,2,70.67894360000001,0.711538996118001,19.312955222107707
31002,v2_raw_aggregate,3,70.80788048000001,0.6981680768943985,18.71915867753383
31002,v2_raw_aggregate,4,70.68088678400001,0.6855281575155213,19.1340105938351
31002,v2_raw_aggregate,5,70.78311222720001,0.6506479692124153,18.696735907766588
31002,v2_raw_aggregate,6,70.87824698176001,0.6156531299299309,18.336561774675467
31002,v2_raw_aggregate,7,70.90591678540801,0.5425225039439447,18.2772894109663
31002,v2_raw_aggregate,8,70.96469062832641,0.4927918460735544,18.052501285283114
31002,v2_raw_aggregate,9,71.04063810266113,0.4701809511935605,17.77440459225681
31002,v2_raw_aggregate,10,71.08086768212891,0.42614476095484843,17.64328094727394
31002,v2_raw_aggregate,11,71.09733134570314,0.39091580876387877,17.58889382237338
31002,v2_raw_aggregate,12,71.11962227656252,0.362732647011103,17.512383330620278
31002,v2_raw_aggregate,13,71.13043502125002,0.3401861176088824,17.474571359605992
31002,v2_raw_aggregate,14,71.13237081700002,0.3221488940871059,17.46754060083901
31002,v2_raw_aggregate,15,71.14158625360002,0.3077191152696847,17.432627485500205
31002,v2_raw_aggregate,16,71.18069460288002,0.2961752922157478,17.28621332557177
31002,v3_conditioned,1,70.51271600000001,0.6816392451475057,21.627436234884147
31002,v3_conditioned,2,70.67894360000001,0.711538996118001,21.55177274996241
31002,v3_conditioned,3,70.80788048000001,0.6981680768943985,21.479635715723802
31002,v3_conditioned,4,70.87638158400001,0.6270355655155166,21.43598939930651
31002,v3_conditioned,5,70.9347080672,0.5599549356124103,21.392446728061525
31002,v3_conditioned,6,70.98359605376001,0.49796394848992825,21.350115134917488
31002,v3_conditioned,7,70.99019604300801,0.4483711587919426,21.36038374284274
31002,v3_conditioned,8,70.76350483440642,0.5853881356351562,20.646246113004594
31002,v3_conditioned,9,70.87822946752513,0.5830351416268427,20.556320543957217
31002,v3_conditioned,10,70.95094077402011,0.539139419796449,20.49863076440924
31002,v3_conditioned,11,70.99508981921609,0.4813115358371592,20.461458996756548
31002,v3_conditioned,12,71.02990905537287,0.43504922866972734,20.42908209683992
31002,v3_conditioned,13,71.0569044442983,0.3980393829357819,20.401535045769666
31002,v3_conditioned,14,71.09092635543864,0.36843150634862554,20.363965862386657
31002,v3_conditioned,15,71.1084306843509,0.34474520507890044,20.34341242632008
31002,v3_conditioned,16,70.71611094748073,0.6681159009333011,18.951737873950105
31002,v2_frozen,1,70.3477165,0.6457996814343835,21.662391505451552
31002,v2_frozen,2,70.3477165,0.6457996814343835,21.662391505451552
31002,v2_frozen,3,70.3477165,0.6457996814343835,21.662391505451552
31002,v2_frozen,4,70.3477165,0.6457996814343835,21.662391505451552
31002,v2_frozen,5,70.3477165,0.6457996814343835,21.662391505451552
31002,v2_frozen,6,70.3477165,0.6457996814343835,21.662391505451552
31002,v2_frozen,7,70.3477165,0.6457996814343835,21.662391505451552
31002,v2_frozen,8,70.3477165,0.6457996814343835,21.662391505451552
31002,v2_frozen,9,70.3477165,0.6457996814343835,21.662391505451552
31002,v2_frozen,10,70.3477165,0.6457996814343835,21.662391505451552
31002,v2_frozen,11,70.3477165,0.6457996814343835,21.662391505451552
31002,v2_frozen,12,70.3477165,0.6457996814343835,21.662391505451552
31002,v2_frozen,13,70.3477165,0.6457996814343835,21.662391505451552
31002,v2_frozen,14,70.3477165,0.6457996814343835,21.662391505451552
31002,v2_frozen,15,70.3477165,0.6457996814343835,21.662391505451552
31002,v2_frozen,16,70.3477165,0.6457996814343835,21.662391505451552
31003,v2_legacy,1,70.2457524,0.6186038451475075,22.498100892382297
31003,v2_legacy,2,70.08421032000001,0.656425156118007,23.80658009099193
31003,v2_legacy,3,70.34225385600001,0.7831836608944024,21.319406010140355
31003,v2_legacy,4,70.54122868480002,0.8255217575155207,20.114868636873293
31003,v2_legacy,5,70.67002014784002,0.7892088690524134,19.538964652644417
31003,v2_legacy,6,70.75720571827202,0.7185526656739263,19.192650464819877
31003,v2_legacy,7,70.83710737461762,0.654743788884736,18.88472609709499
31003,v2_legacy,8,70.9082630996941,0.5949507561842658,18.619283133390336
31003,v2_legacy,9,70.62496927975528,0.7592544248862323,18.805869184264875
31003,v2_legacy,10,70.78198102380422,0.7644152839579299,18.407989556744962
31003,v2_legacy,11,70.84381281904338,0.6733640224054989,18.279473731797236
31003,v2_legacy,12,70.94433585523471,0.639214254115724,18.064101344814414
31003,v2_legacy,13,71.02435428418778,0.5913898322456356,17.9073741891541
31003,v2_legacy,14,71.05954062735023,0.5231118657965085,17.84024108541954
31003,v2_legacy,15,71.12382330188018,0.4827721671671612,17.71070334486319
31003,v2_legacy,16,71.12776664150415,0.43621773373372896,17.702805206829353
31003,v2_raw_aggregate,1,70.2457524,0.6186038451475075,22.498100892382297
31003,v2_raw_aggregate,2,70.08421032000001,0.656425156118007,23.80658009099193
31003,v2_raw_aggregate,3,70.34225385600001,0.7831836608944024,21.319406010140355
31003,v2_raw_aggregate,4,70.54122868480002,0.8255217575155207,20.114868636873293
31003,v2_raw_aggregate,5,70.67002014784002,0.7892088690524134,19.538964652644417
31003,v2_raw_aggregate,6,70.75720571827202,0.7185526656739263,19.192650464819877
31003,v2_raw_aggregate,7,70.83710737461762,0.654743788884736,18.88472609709499
31003,v2_raw_aggregate,8,70.9082630996941,0.5949507561842658,18.619283133390336
31003,v2_raw_aggregate,9,70.62496927975528,0.7592544248862323,18.805869184264875
31003,v2_raw_aggregate,10,70.78198102380422,0.7644152839579299,18.407989556744962
31003,v2_raw_aggregate,11,70.84381281904338,0.6733640224054989,18.279473731797236
31003,v2_raw_aggregate,12,70.94433585523471,0.639214254115724,18.064101344814414
31003,v2_raw_aggregate,13,71.02435428418778,0.5913898322456356,17.9073741891541
31003,v2_raw_aggregate,14,71.05954062735023,0.5231118657965085,17.84024108541954
31003,v2_raw_aggregate,15,71.12382330188018,0.4827721671671612,17.71070334486319
31003,v2_raw_aggregate,16,71.12776664150415,0.43621773373372896,17.702805206829353
31003,v3_conditioned,1,70.2457524,0.6186038451475075,21.69548930222047
31003,v3_conditioned,2,70.08421032000001,0.656425156118007,21.648641858957042
31003,v3_conditioned,3,70.263905456,0.7048352608944036,21.525401838615387
31003,v3_conditioned,4,70.47854996480001,0.7785127175155236,21.3706008332433
31003,v3_conditioned,5,70.61987717184002,0.7641373810524174,21.272149040925843
31003,v3_conditioned,6,70.71709133747201,0.7085240704739302,21.20265605203419
31003,v3_conditioned,7,70.80501586997761,0.6547437888847404,21.13453396214361
31003,v3_conditioned,8,70.8825898959821,0.6013690571122708,21.06964158490578
31003,v3_conditioned,9,70.61241071678567,0.7512744248862351,20.191016915710986
31003,v3_conditioned,10,70.77193417342855,0.7605429965518525,20.109317543419923
31003,v3_conditioned,11,70.83577533874283,0.6722755625557717,20.077901661028026
31003,v3_conditioned,12,70.93790587099427,0.6399509822960512,20.021870120422044
31003,v3_conditioned,13,71.01921029679542,0.5932652116379855,19.975827788085248
31003,v3_conditioned,14,71.05542543743634,0.5246121693103885,19.953647309007728
31003,v3_conditioned,15,71.06952314994908,0.4696897354483108,19.943991214949282
31003,v3_conditioned,16,70.95153411995926,0.4937408183484634,19.259952310777187
31003,v2_frozen,1,70.3477165,0.6457996814343835,21.662391505451552
31003,v2_frozen,2,70.3477165,0.6457996814343835,21.662391505451552
31003,v2_frozen,3,70.3477165,0.6457996814343835,21.662391505451552
31003,v2_frozen,4,70.3477165,0.6457996814343835,21.662391505451552
31003,v2_frozen,5,70.3477165,0.6457996814343835,21.662391505451552
31003,v2_frozen,6,70.3477165,0.6457996814343835,21.662391505451552
31003,v2_frozen,7,70.3477165,0.6457996814343835,21.662391505451552
31003,v2_frozen,8,70.3477165,0.6457996814343835,21.662391505451552
31003,v2_frozen,9,70.3477165,0.6457996814343835,21.662391505451552
31003,v2_frozen,10,70.3477165,0.6457996814343835,21.662391505451552
31003,v2_frozen,11,70.3477165,0.6457996814343835,21.662391505451552
31003,v2_frozen,12,70.3477165,0.6457996814343835,21.662391505451552
31003,v2_frozen,13,70.3477165,0.6457996814343835,21.662391505451552
31003,v2_frozen,14,70.3477165,0.6457996814343835,21.662391505451552
31003,v2_frozen,15,70.3477165,0.6457996814343835,21.662391505451552
31003,v2_frozen,16,70.3477165,0.6457996814343835,21.662391505451552
