seed,method,query,mask,K,status,cache_hit,area,wns,score,best_so_far,seed_relative_gain
31001,v2_legacy,1,0x77800000,7,success,False,357.504,7.13781,71.020596,71.474664,0.0
31001,v2_legacy,2,0x7ff27080,16,success,False,375.326,7.15106,71.135274,71.474664,0.0
31001,v2_legacy,3,0x75200008,7,success,False,348.46,7.01268,69.77834,71.474664,0.0
31001,v2_legacy,4,0x7ff66020,16,success,False,377.986,7.15242,71.146214,71.474664,0.0
31001,v2_legacy,5,0x74012001,7,success,False,339.416,7.01392,69.799784,71.474664,0.0
31001,v2_legacy,6,0x7ff8d800,16,success,False,375.06,7.14992,71.12414,71.474664,0.0
31001,v2_legacy,7,0x7ffc6100,16,success,False,377.986,7.16094,71.231414,71.474664,0.0
31001,v2_legacy,8,0x08000880,3,success,False,304.304,6.86093,68.304996,71.474664,0.0
31001,v2_legacy,9,0x7ff61820,16,success,False,377.986,7.15139,71.135914,71.474664,0.0
31001,v2_legacy,10,0x7ffac800,16,success,False,377.986,7.14661,71.088114,71.474664,0.0
31001,v2_legacy,11,0x7fdda200,16,success,False,377.986,7.16282,71.250214,71.474664,0.0
31001,v2_legacy,12,0x7fff0040,16,success,False,383.572,7.1758,71.374428,71.474664,0.0
31001,v2_legacy,13,0x00000400,1,success,False,269.192,6.98399,69.570708,71.474664,0.0
31001,v2_legacy,14,0x7fdc4610,16,success,False,375.592,7.16023,71.226708,71.474664,0.0
31001,v2_legacy,15,0x7ffcb000,16,success,False,377.986,7.16193,71.241314,71.474664,0.0
31001,v2_legacy,16,0x7ffd0240,16,success,False,380.114,7.15718,71.191686,71.474664,0.0
31001,v2_raw_aggregate,1,0x77800000,7,success,True,357.504,7.13781,71.020596,71.474664,0.0
31001,v2_raw_aggregate,2,0x7ff27080,16,success,True,375.326,7.15106,71.135274,71.474664,0.0
31001,v2_raw_aggregate,3,0x75200008,7,success,True,348.46,7.01268,69.77834,71.474664,0.0
31001,v2_raw_aggregate,4,0x7ff66020,16,success,True,377.986,7.15242,71.146214,71.474664,0.0
31001,v2_raw_aggregate,5,0x74012001,7,success,True,339.416,7.01392,69.799784,71.474664,0.0
31001,v2_raw_aggregate,6,0x7ff8d800,16,success,True,375.06,7.14992,71.12414,71.474664,0.0
31001,v2_raw_aggregate,7,0x7ffc6100,16,success,True,377.986,7.16094,71.231414,71.474664,0.0
31001,v2_raw_aggregate,8,0x08000880,3,success,True,304.304,6.86093,68.304996,71.474664,0.0
31001,v2_raw_aggregate,9,0x7ff61820,16,success,True,377.986,7.15139,71.135914,71.474664,0.0
31001,v2_raw_aggregate,10,0x7ffac800,16,success,True,377.986,7.14661,71.088114,71.474664,0.0
31001,v2_raw_aggregate,11,0x7fdda200,16,success,True,377.986,7.16282,71.250214,71.474664,0.0
31001,v2_raw_aggregate,12,0x7fff0040,16,success,True,383.572,7.1758,71.374428,71.474664,0.0
31001,v2_raw_aggregate,13,0x00000400,1,success,True,269.192,6.98399,69.570708,71.474664,0.0
31001,v2_raw_aggregate,14,0x7fdc4610,16,success,True,375.592,7.16023,71.226708,71.474664,0.0
31001,v2_raw_aggregate,15,0x7ffcb000,16,success,True,377.986,7.16193,71.241314,71.474664,0.0
31001,v2_raw_aggregate,16,0x7ffd0240,16,success,True,380.114,7.15718,71.191686,71.474664,0.0
31001,v3_conditioned,1,0x77800000,7,success,True,357.504,7.13781,71.020596,71.474664,0.0
31001,v3_conditioned,2,0x7ff27080,16,success,True,375.326,7.15106,71.135274,71.474664,0.0
31001,v3_conditioned,3,0x75200008,7,success,True,348.46,7.01268,69.77834,71.474664,0.0
31001,v3_conditioned,4,0x7ff66020,16,success,True,377.986,7.15242,71.146214,71.474664,0.0
31001,v3_conditioned,5,0x7fa02401,12,success,False,367.612,7.15855,71.217888,71.474664,0.0
31001,v3_conditioned,6,0x7ff8d800,16,success,True,375.06,7.14992,71.12414,71.474664,0.0
31001,v3_conditioned,7,0x7ffc6100,16,success,True,377.986,7.16094,71.231414,71.474664,0.0
31001,v3_conditioned,8,0x08000880,3,success,True,304.304,6.86093,68.304996,71.474664,0.0
31001,v3_conditioned,9,0x7ffff4c4,23,success,False,383.04,7.17679,71.38486,71.474664,0.0
31001,v3_conditioned,10,0x7ffac800,16,success,True,377.986,7.14661,71.088114,71.474664,0.0
31001,v3_conditioned,11,0x7ffec000,16,success,False,380.114,7.1573,71.192886,71.474664,0.0
31001,v3_conditioned,12,0x7ff6c200,16,success,False,377.986,7.15099,71.131914,71.474664,0.0
31001,v3_conditioned,13,0x00000400,1,success,True,269.192,6.98399,69.570708,71.474664,0.0
31001,v3_conditioned,14,0x7fd64610,16,success,False,375.326,7.14445,71.069174,71.474664,0.0
31001,v3_conditioned,15,0x7ff41103,16,success,False,378.252,7.15419,71.163648,71.474664,0.0
31001,v3_conditioned,16,0x7ffe0240,16,success,False,380.114,7.15925,71.212386,71.474664,0.0
31001,v2_frozen,1,0x77800000,7,success,True,357.504,7.13781,71.020596,71.474664,0.0
31001,v2_frozen,2,0x7ff27080,16,success,True,375.326,7.15106,71.135274,71.474664,0.0
31001,v2_frozen,3,0x75100008,7,success,False,348.46,7.01148,69.76634,71.474664,0.0
31001,v2_frozen,4,0x7ff66020,16,success,True,377.986,7.15242,71.146214,71.474664,0.0
31001,v2_frozen,5,0x74009001,7,success,False,345.8,6.97906,69.4448,71.474664,0.0
31001,v2_frozen,6,0x7ff8cc00,16,success,False,375.06,7.15102,71.13514,71.474664,0.0
31001,v2_frozen,7,0x7ffcc100,16,success,False,377.986,7.16089,71.230914,71.474664,0.0
31001,v2_frozen,8,0x00000080,1,success,False,269.192,6.98748,69.605608,71.474664,0.0
31001,v2_frozen,9,0x7c100100,7,success,False,348.46,7.01891,69.84064,71.474664,0.0
31001,v2_frozen,10,0x7ff9c400,16,success,False,377.986,7.15285,71.150514,71.474664,0.0
31001,v2_frozen,11,0x7ffec000,16,success,True,380.114,7.1573,71.192886,71.474664,0.0
31001,v2_frozen,12,0x7feb8018,16,success,False,378.252,7.15838,71.205548,71.474664,0.0
31001,v2_frozen,13,0x00000400,1,success,True,269.192,6.98399,69.570708,71.474664,0.0
31001,v2_frozen,14,0x7fd62308,16,success,False,375.06,7.14993,71.12424,71.474664,0.0
31001,v2_frozen,15,0x7ffe8800,16,success,False,380.114,7.15951,71.214986,71.474664,0.0
31001,v2_frozen,16,0x7a001100,7,success,False,343.406,6.98961,69.552694,71.474664,0.0
31002,v2_legacy,1,0x7ff66400,16,success,False,377.986,7.15507,71.172714,71.474664,0.0
31002,v2_legacy,2,0x7ffe0042,16,success,False,380.646,7.17245,71.343854,71.474664,0.0
31002,v2_legacy,3,0x7fff4000,16,success,False,383.572,7.17072,71.323628,71.474664,0.0
31002,v2_legacy,4,0x6e804000,7,success,False,350.588,7.05235,70.172912,71.474664,0.0
31002,v2_legacy,5,0x7ffab000,16,success,False,377.986,7.157,71.192014,71.474664,0.0
31002,v2_legacy,6,0x7ffe2004,16,success,False,380.114,7.16389,71.258786,71.474664,0.0
31002,v2_legacy,7,0x7e010000,7,success,False,357.504,7.13741,71.016596,71.474664,0.0
31002,v2_legacy,8,0x7ffe1004,16,success,False,380.114,7.15799,71.199786,71.474664,0.0
31002,v2_legacy,9,0x7fff2000,16,success,False,383.572,7.1728,71.344428,71.474664,0.0
31002,v2_legacy,10,0x7ffe8100,16,success,False,380.114,7.16219,71.241786,71.474664,0.0
31002,v2_legacy,11,0x7ffe0204,16,success,False,380.114,7.15433,71.163186,71.474664,0.0
31002,v2_legacy,12,0x7ffe4020,16,success,False,380.114,7.15889,71.208786,71.474664,0.0
31002,v2_legacy,13,0x7ff71800,16,success,False,380.114,7.15538,71.173686,71.474664,0.0
31002,v2_legacy,14,0x7ff63800,16,success,False,377.986,7.15181,71.140114,71.474664,0.0
31002,v2_legacy,15,0x7ff62006,16,success,False,378.252,7.15567,71.178448,71.474664,0.0
31002,v2_legacy,16,0x7fff8000,16,success,False,383.572,7.17207,71.337128,71.474664,0.0
31002,v2_raw_aggregate,1,0x7ff66400,16,success,True,377.986,7.15507,71.172714,71.474664,0.0
31002,v2_raw_aggregate,2,0x7ffe0042,16,success,True,380.646,7.17245,71.343854,71.474664,0.0
31002,v2_raw_aggregate,3,0x7fff4000,16,success,True,383.572,7.17072,71.323628,71.474664,0.0
31002,v2_raw_aggregate,4,0x6e804000,7,success,True,350.588,7.05235,70.172912,71.474664,0.0
31002,v2_raw_aggregate,5,0x7ffab000,16,success,True,377.986,7.157,71.192014,71.474664,0.0
31002,v2_raw_aggregate,6,0x7ffe2004,16,success,True,380.114,7.16389,71.258786,71.474664,0.0
31002,v2_raw_aggregate,7,0x7e010000,7,success,True,357.504,7.13741,71.016596,71.474664,0.0
31002,v2_raw_aggregate,8,0x7ffe1004,16,success,True,380.114,7.15799,71.199786,71.474664,0.0
31002,v2_raw_aggregate,9,0x7fff2000,16,success,True,383.572,7.1728,71.344428,71.474664,0.0
31002,v2_raw_aggregate,10,0x7ffe8100,16,success,True,380.114,7.16219,71.241786,71.474664,0.0
31002,v2_raw_aggregate,11,0x7ffe0204,16,success,True,380.114,7.15433,71.163186,71.474664,0.0
31002,v2_raw_aggregate,12,0x7ffe4020,16,success,True,380.114,7.15889,71.208786,71.474664,0.0
31002,v2_raw_aggregate,13,0x7ff71800,16,success,True,380.114,7.15538,71.173686,71.474664,0.0
31002,v2_raw_aggregate,14,0x7ff63800,16,success,True,377.986,7.15181,71.140114,71.474664,0.0
31002,v2_raw_aggregate,15,0x7ff62006,16,success,True,378.252,7.15567,71.178448,71.474664,0.0
31002,v2_raw_aggregate,16,0x7fff8000,16,success,True,383.572,7.17207,71.337128,71.474664,0.0
31002,v3_conditioned,1,0x7ff66400,16,success,True,377.986,7.15507,71.172714,71.474664,0.0
31002,v3_conditioned,2,0x7ffe0042,16,success,True,380.646,7.17245,71.343854,71.474664,0.0
31002,v3_conditioned,3,0x7fff4000,16,success,True,383.572,7.17072,71.323628,71.474664,0.0
31002,v3_conditioned,4,0x7ff74200,16,success,False,380.114,7.15305,71.150386,71.474664,0.0
31002,v3_conditioned,5,0x7ff57000,16,success,False,377.986,7.1546,71.168014,71.474664,0.0
31002,v3_conditioned,6,0x7fde8480,16,success,False,378.252,7.15574,71.179148,71.474664,0.0
31002,v3_conditioned,7,0x7e010000,7,success,True,357.504,7.13741,71.016596,71.474664,0.0
31002,v3_conditioned,8,0x7c020400,7,success,False,348.46,7.02052,69.85674,71.474664,0.0
31002,v3_conditioned,9,0x7fff8000,16,success,True,383.572,7.17207,71.337128,71.474664,0.0
31002,v3_conditioned,10,0x7ffe8100,16,success,True,380.114,7.16219,71.241786,71.474664,0.0
31002,v3_conditioned,11,0x7fbf0204,16,success,False,380.114,7.15518,71.171686,71.474664,0.0
31002,v3_conditioned,12,0x7ffe4040,16,success,False,380.114,7.15493,71.169186,71.474664,0.0
31002,v3_conditioned,13,0x7ffd3000,16,success,False,380.114,7.1545,71.164886,71.474664,0.0
31002,v3_conditioned,14,0x7ffc7000,16,success,False,377.986,7.1605,71.227014,71.474664,0.0
31002,v3_conditioned,15,0x7ff62006,16,success,True,378.252,7.15567,71.178448,71.474664,0.0
31002,v3_conditioned,16,0x01000000,1,success,False,292.068,6.94389,69.146832,71.474664,0.0
31002,v2_frozen,1,0x7ff66400,16,success,True,377.986,7.15507,71.172714,71.474664,0.0
31002,v2_frozen,2,0x7ffe0042,16,success,True,380.646,7.17245,71.343854,71.474664,0.0
31002,v2_frozen,3,0x7fff8000,16,success,True,383.572,7.17207,71.337128,71.474664,0.0
31002,v2_frozen,4,0x6e802000,7,success,False,349.524,7.06719,70.322376,71.474664,0.0
31002,v2_frozen,5,0x7ffe0060,16,success,False,380.114,7.15615,71.181386,71.474664,0.0
31002,v2_frozen,6,0x7fee8480,16,success,False,377.986,7.16245,71.246514,71.474664,0.0
31002,v2_frozen,7,0x7e010000,7,success,True,357.504,7.13741,71.016596,71.474664,0.0
31002,v2_frozen,8,0x7c020400,7,success,True,348.46,7.02052,69.85674,71.474664,0.0
31002,v2_frozen,9,0x7e400000,7,success,False,357.504,7.02119,69.854396,71.474664,0.0
31002,v2_frozen,10,0x7ffe8100,16,success,True,380.114,7.16219,71.241786,71.474664,0.0
31002,v2_frozen,11,0x7ffb0204,16,success,False,380.114,7.1519,71.138886,71.474664,0.0
31002,v2_frozen,12,0x7ff70140,16,success,False,380.646,7.17807,71.400054,71.474664,0.0
31002,v2_frozen,13,0x7ff29c00,16,success,False,375.06,7.15085,71.13344,71.474664,0.0
31002,v2_frozen,14,0x7ff63800,16,success,True,377.986,7.15181,71.140114,71.474664,0.0
31002,v2_frozen,15,0x7fff4000,16,success,True,383.572,7.17072,71.323628,71.474664,0.0
31002,v2_frozen,16,0x7ff55400,16,success,False,377.986,7.14889,71.110914,71.474664,0.0
31003,v2_legacy,1,0x7e200000,7,success,False,357.504,7.01954,69.837896,71.474664,0.0
31003,v2_legacy,2,0x00800000,1,success,False,282.758,6.97208,69.438042,71.474664,0.0
31003,v2_legacy,3,0x7fff0040,16,success,True,383.572,7.1758,71.374428,71.474664,0.0
31003,v2_legacy,4,0x7fff8000,16,success,True,383.572,7.17207,71.337128,71.474664,0.0
31003,v2_legacy,5,0x7ffba000,16,success,False,380.114,7.15653,71.185186,71.474664,0.0
31003,v2_legacy,6,0x7ff38440,16,success,False,378.252,7.14842,71.105948,71.474664,0.0
31003,v2_legacy,7,0x7ffae000,16,success,False,377.986,7.15347,71.156714,71.474664,0.0
31003,v2_legacy,8,0x7ffe0600,16,success,False,380.114,7.1573,71.192886,71.474664,0.0
31003,v2_legacy,9,0x7c000120,7,success,False,343.406,6.98352,69.491794,71.474664,0.0
31003,v2_legacy,10,0x7fff1000,16,success,False,383.572,7.17936,71.410028,71.474664,0.0
31003,v2_legacy,11,0x7ff2c600,16,success,False,375.06,7.14662,71.09114,71.474664,0.0
31003,v2_legacy,12,0x7fff0200,16,success,False,383.572,7.173,71.346428,71.474664,0.0
31003,v2_legacy,13,0x7fff2000,16,success,True,383.572,7.1728,71.344428,71.474664,0.0
31003,v2_legacy,14,0x7ffe1040,16,success,False,380.114,7.15804,71.200286,71.474664,0.0
31003,v2_legacy,15,0x7ffd0408,16,success,False,380.646,7.17616,71.380954,71.474664,0.0
31003,v2_legacy,16,0x7ff2ca00,16,success,False,375.06,7.15186,71.14354,71.474664,0.0
31003,v2_raw_aggregate,1,0x7e200000,7,success,True,357.504,7.01954,69.837896,71.474664,0.0
31003,v2_raw_aggregate,2,0x00800000,1,success,True,282.758,6.97208,69.438042,71.474664,0.0
31003,v2_raw_aggregate,3,0x7fff0040,16,success,True,383.572,7.1758,71.374428,71.474664,0.0
31003,v2_raw_aggregate,4,0x7fff8000,16,success,True,383.572,7.17207,71.337128,71.474664,0.0
31003,v2_raw_aggregate,5,0x7ffba000,16,success,True,380.114,7.15653,71.185186,71.474664,0.0
31003,v2_raw_aggregate,6,0x7ff38440,16,success,True,378.252,7.14842,71.105948,71.474664,0.0
31003,v2_raw_aggregate,7,0x7ffae000,16,success,True,377.986,7.15347,71.156714,71.474664,0.0
31003,v2_raw_aggregate,8,0x7ffe0600,16,success,True,380.114,7.1573,71.192886,71.474664,0.0
31003,v2_raw_aggregate,9,0x7c000120,7,success,True,343.406,6.98352,69.491794,71.474664,0.0
31003,v2_raw_aggregate,10,0x7fff1000,16,success,True,383.572,7.17936,71.410028,71.474664,0.0
31003,v2_raw_aggregate,11,0x7ff2c600,16,success,True,375.06,7.14662,71.09114,71.474664,0.0
31003,v2_raw_aggregate,12,0x7fff0200,16,success,True,383.572,7.173,71.346428,71.474664,0.0
31003,v2_raw_aggregate,13,0x7fff2000,16,success,True,383.572,7.1728,71.344428,71.474664,0.0
31003,v2_raw_aggregate,14,0x7ffe1040,16,success,True,380.114,7.15804,71.200286,71.474664,0.0
31003,v2_raw_aggregate,15,0x7ffd0408,16,success,True,380.646,7.17616,71.380954,71.474664,0.0
31003,v2_raw_aggregate,16,0x7ff2ca00,16,success,True,375.06,7.15186,71.14354,71.474664,0.0
31003,v3_conditioned,1,0x7e200000,7,success,True,357.504,7.01954,69.837896,71.474664,0.0
31003,v3_conditioned,2,0x00800000,1,success,True,282.758,6.97208,69.438042,71.474664,0.0
31003,v3_conditioned,3,0x7fbf4200,16,success,False,380.114,7.13628,70.982686,71.474664,0.0
31003,v3_conditioned,4,0x7fff8000,16,success,True,383.572,7.17207,71.337128,71.474664,0.0
31003,v3_conditioned,5,0x7ffba000,16,success,True,380.114,7.15653,71.185186,71.474664,0.0
31003,v3_conditioned,6,0x7ff38440,16,success,True,378.252,7.14842,71.105948,71.474664,0.0
31003,v3_conditioned,7,0x7ffae000,16,success,True,377.986,7.15347,71.156714,71.474664,0.0
31003,v3_conditioned,8,0x7ffe0600,16,success,True,380.114,7.1573,71.192886,71.474664,0.0
31003,v3_conditioned,9,0x7c000220,7,success,False,343.406,6.98751,69.531694,71.474664,0.0
31003,v3_conditioned,10,0x7fff1000,16,success,True,383.572,7.17936,71.410028,71.474664,0.0
31003,v3_conditioned,11,0x7ff2c600,16,success,True,375.06,7.14662,71.09114,71.474664,0.0
31003,v3_conditioned,12,0x7fff0200,16,success,True,383.572,7.173,71.346428,71.474664,0.0
31003,v3_conditioned,13,0x7fff2000,16,success,True,383.572,7.1728,71.344428,71.474664,0.0
31003,v3_conditioned,14,0x7ffe1040,16,success,True,380.114,7.15804,71.200286,71.474664,0.0
31003,v3_conditioned,15,0x7ff9e000,16,success,False,377.986,7.15039,71.125914,71.474664,0.0
31003,v3_conditioned,16,0x64314000,7,success,False,337.022,7.08166,70.479578,71.474664,0.0
31003,v2_frozen,1,0x7e200000,7,success,True,357.504,7.01954,69.837896,71.474664,0.0
31003,v2_frozen,2,0x00800000,1,success,True,282.758,6.97208,69.438042,71.474664,0.0
31003,v2_frozen,3,0x7fbf4200,16,success,True,380.114,7.13628,70.982686,71.474664,0.0
31003,v2_frozen,4,0x7fff8000,16,success,True,383.572,7.17207,71.337128,71.474664,0.0
31003,v2_frozen,5,0x7ff06a20,16,success,False,372.932,7.15433,71.170368,71.474664,0.0
31003,v2_frozen,6,0x7ff1c220,16,success,False,375.326,7.14582,71.082874,71.474664,0.0
31003,v2_frozen,7,0x7fffe008,19,success,False,387.828,7.17457,71.357872,71.474664,0.0
31003,v2_frozen,8,0x7ffe0600,16,success,True,380.114,7.1573,71.192886,71.474664,0.0
31003,v2_frozen,9,0x7c000110,7,success,False,343.406,6.98225,69.479094,71.474664,0.0
31003,v2_frozen,10,0x7e020000,7,success,False,357.504,7.13529,70.995396,71.474664,0.0
31003,v2_frozen,11,0x51303000,7,success,False,345.002,6.97401,69.395098,71.474664,0.0
31003,v2_frozen,12,0x7fff0100,16,success,False,383.572,7.17318,71.348228,71.474664,0.0
31003,v2_frozen,13,0x62000000,3,success,False,326.648,6.98511,69.524452,71.474664,0.0
31003,v2_frozen,14,0x7ffe0820,16,success,False,380.114,7.15519,71.171786,71.474664,0.0
31003,v2_frozen,15,0x08000000,1,success,False,292.068,6.944,69.147932,71.474664,0.0
31003,v2_frozen,16,0x00080000,1,success,False,282.758,6.97155,69.432742,71.474664,0.0
