algorithm,budget,query_mask,query_boundaries,query_area,query_wns,query_reward,incumbent_mask,incumbent_reward,improvement_over_seed,frontier_size,query_on_frontier,frontier_changed
random,1,0x3de2a0c0,13,733.362,7.01177,69.384338,0x00000000,74.15097,0.0,5,True,True
random,2,0x09690093,10,781.508,7.1891,71.109492,0x00000000,74.15097,0.0,5,False,False
random,3,0x30c10a5c,11,747.992,7.20575,71.309508,0x00000000,74.15097,0.0,5,False,False
random,4,0x13e95e73,18,751.184,6.90284,68.277216,0x00000000,74.15097,0.0,5,False,False
random,5,0x0ba4596a,14,746.662,6.90754,68.328738,0x00000000,74.15097,0.0,5,False,False
random,6,0x2851d5ed,16,782.04,7.11275,70.34546,0x00000000,74.15097,0.0,5,False,False
random,7,0x610cb1e8,13,776.72,7.16028,70.82608,0x00000000,74.15097,0.0,5,False,False
random,8,0x594e4876,15,769.804,6.98431,69.073296,0x00000000,74.15097,0.0,5,False,False
random,9,0x3025bad0,13,736.554,7.17508,71.014246,0x00000000,74.15097,0.0,5,False,False
random,10,0x54a703a7,15,746.662,7.11922,70.445538,0x00000000,74.15097,0.0,5,False,False
random,11,0x53ba5095,15,753.312,7.06024,69.849088,0x00000000,74.15097,0.0,5,False,False
random,12,0x12070ae7,13,750.918,7.14127,70.661782,0x00000000,74.15097,0.0,5,False,False
random,13,0x5b97414c,15,754.908,6.9073,68.318092,0x00000000,74.15097,0.0,5,False,False
random,14,0x496ba3da,17,749.322,6.92802,68.530878,0x00000000,74.15097,0.0,5,False,False
random,15,0x11c7684b,14,758.1,7.26479,71.8898,0x00000000,74.15097,0.0,5,False,False
random,16,0x67d4f77f,23,802.788,6.86423,67.839512,0x00000000,74.15097,0.0,5,False,False
evolution,1,0x08400000,2,716.338,7.38287,73.112362,0x00000000,74.15097,0.0,2,True,True
evolution,2,0x00800004,2,823.536,7.14825,70.658964,0x00000000,74.15097,0.0,2,False,False
evolution,3,0x480000c0,4,767.41,7.21899,71.42249,0x00000000,74.15097,0.0,2,False,False
evolution,4,0x32b6ef77,21,792.946,7.01211,69.328154,0x00000000,74.15097,0.0,2,False,False
evolution,5,0x00848080,4,726.978,7.2926,72.199022,0x00000000,74.15097,0.0,2,False,False
evolution,6,0x00082000,2,769.272,7.39367,73.167428,0x00000000,74.15097,0.0,2,False,False
evolution,7,0x3024de74,14,726.18,7.17946,71.06842,0x00000000,74.15097,0.0,2,False,False
evolution,8,0x08408000,3,735.49,7.41135,73.37801,0x00000000,74.15097,0.0,3,True,True
evolution,9,0x00010000,1,732.564,7.38146,73.082036,0x00000000,74.15097,0.0,3,False,False
evolution,10,0x00c00040,3,784.966,7.2006,71.221034,0x00000000,74.15097,0.0,3,False,False
evolution,11,0x1f86c79d,18,782.572,7.05159,69.733328,0x00000000,74.15097,0.0,3,False,False
evolution,12,0x0840a000,4,742.406,7.38154,73.072994,0x00000000,74.15097,0.0,3,False,False
evolution,13,0x2f4310b6,14,766.08,7.07722,70.00612,0x00000000,74.15097,0.0,3,False,False
evolution,14,0x02000000,1,697.452,7.35847,72.887248,0x00000000,74.15097,0.0,4,True,True
evolution,15,0x00848088,5,725.382,7.30494,72.324018,0x00000000,74.15097,0.0,4,False,False
evolution,16,0x00011000,2,782.04,7.29722,72.19016,0x00000000,74.15097,0.0,4,False,False
claude_structural,1,0x08000000,1,751.716,7.50083,74.256584,0x08000000,74.256584,0.10561400000000276,5,True,True
claude_structural,2,0x40000000,1,739.746,7.47993,74.059554,0x08000000,74.256584,0.10561400000000276,6,True,True
claude_structural,3,0x20000000,1,723.52,7.45306,73.80708,0x08000000,74.256584,0.10561400000000276,5,True,True
claude_structural,4,0x04000000,1,699.846,7.43727,73.672854,0x08000000,74.256584,0.10561400000000276,5,True,True
claude_structural,5,0x10000000,1,756.77,7.41587,73.40193,0x08000000,74.256584,0.10561400000000276,5,False,False
claude_structural,6,0x02000000,1,697.452,7.35847,72.887248,0x08000000,74.256584,0.10561400000000276,6,True,True
claude_structural,7,0x01000000,1,727.244,7.45326,73.805356,0x08000000,74.256584,0.10561400000000276,7,True,True
claude_structural,8,0x24000000,2,725.382,7.44732,73.747818,0x08000000,74.256584,0.10561400000000276,7,False,False
claude_structural,9,0x08800000,2,717.136,7.47353,74.018164,0x08000000,74.256584,0.10561400000000276,6,True,True
claude_structural,10,0x48000000,2,771.134,7.48399,74.068766,0x08000000,74.256584,0.10561400000000276,6,False,False
claude_structural,11,0x28000000,2,708.092,7.45669,73.858808,0x08000000,74.256584,0.10561400000000276,7,True,True
claude_structural,12,0x18000000,2,717.402,7.40081,73.290698,0x08000000,74.256584,0.10561400000000276,7,False,False
claude_structural,13,0x0c000000,2,729.106,7.398,73.250894,0x08000000,74.256584,0.10561400000000276,7,False,False
claude_structural,14,0x00000010,1,907.858,7.26578,71.749942,0x08000000,74.256584,0.10561400000000276,7,False,False
claude_structural,15,0x08000008,2,855.722,7.16671,70.811378,0x08000000,74.256584,0.10561400000000276,7,False,False
claude_structural,16,0x09000000,2,714.21,7.41791,73.46489,0x08000000,74.256584,0.10561400000000276,7,False,False
reinforce,1,0x0000400a,3,812.364,7.22361,71.423736,0x00000000,74.15097,0.0,4,False,False
reinforce,2,0x00000010,1,907.858,7.26578,71.749942,0x00000000,74.15097,0.0,4,False,False
reinforce,3,0x00000020,1,882.322,7.26976,71.815278,0x00000000,74.15097,0.0,4,False,False
reinforce,4,0x00800081,3,851.732,7.25365,71.684768,0x00000000,74.15097,0.0,4,False,False
reinforce,5,0x40840800,4,765.814,7.38945,73.128686,0x00000000,74.15097,0.0,4,False,False
reinforce,6,0x00800022,3,758.366,7.16659,70.907534,0x00000000,74.15097,0.0,4,False,False
reinforce,7,0x00820800,3,766.878,7.39158,73.148922,0x00000000,74.15097,0.0,4,False,False
reinforce,8,0x00803010,4,760.494,7.30453,72.284806,0x00000000,74.15097,0.0,4,False,False
reinforce,9,0x01820000,3,703.57,7.34276,72.72403,0x00000000,74.15097,0.0,3,True,True
reinforce,10,0x0800c000,3,691.334,7.33394,72.648066,0x00000000,74.15097,0.0,4,True,True
reinforce,11,0x00800080,2,772.996,7.21372,71.364204,0x00000000,74.15097,0.0,4,False,False
reinforce,12,0x00840800,3,694.526,7.3473,72.778474,0x00000000,74.15097,0.0,4,True,True
reinforce,13,0x00806000,3,755.44,7.28244,72.06896,0x00000000,74.15097,0.0,4,False,False
reinforce,14,0x24000000,2,725.382,7.44732,73.747818,0x00000000,74.15097,0.0,4,True,True
reinforce,15,0x00000800,1,760.228,7.30218,72.261572,0x00000000,74.15097,0.0,4,False,False
reinforce,16,0x00808000,2,733.894,7.40231,73.289206,0x00000000,74.15097,0.0,4,False,False
