benchmark,mask,boundaries,area,wns,reward,discovered_by
cmp32,0x58c80080,7,264.138,7.58995,75.635362,v2_frozen;v2_learn
cmp32,0x00000800,1,264.936,7.62312,75.966264,count_matched_uniform;v2_frozen
cmp32,0x30f80000,7,267.862,7.62456,75.977738,v2_frozen
cmp32,0x7fffff80,24,268.128,7.63719,76.103772,v2_frozen
cmp32,0x7ff8a200,15,268.394,7.63802,76.111806,v2_frozen;v2_learn
cmp32,0x7ffc2020,15,269.458,7.6464,76.194542,v2_learn
cmp32,0x243e969a,15,275.842,7.66002,76.324358,count_matched_uniform
popcount32,0x04803000,4,264.67,7.02172,69.95253,v1_learn
popcount32,0x7fab4801,15,264.67,7.02172,69.95253,v2_frozen;v2_learn
popcount32,0x7ffe8000,15,264.67,7.02172,69.95253,v2_frozen;v2_learn
popcount32,0x7ffb0800,15,264.67,7.02172,69.95253,v2_frozen;v2_learn
popcount32,0x7e800000,7,264.67,7.02172,69.95253,v2_frozen;v2_learn
popcount32,0x09800000,3,264.67,7.02172,69.95253,v2_frozen
popcount32,0x40000000,1,264.67,7.02172,69.95253,count_matched_uniform;v2_frozen;v2_learn
popcount32,0x7ff8a200,15,264.67,7.02172,69.95253,v2_learn
popcount32,0x58830808,8,264.67,7.02172,69.95253,v1_learn
popcount32,0x30000002,3,264.67,7.02172,69.95253,count_matched_uniform
popcount32,0x0011860a,7,264.67,7.02172,69.95253,v1_learn
popcount32,0x7d800000,7,264.67,7.02172,69.95253,v2_frozen;v2_learn
popcount32,0x2980a804,8,264.67,7.02172,69.95253,v1_learn
popcount32,0x2d810a04,9,264.67,7.02172,69.95253,v1_learn
popcount32,0x00000001,1,264.67,7.02172,69.95253,count_matched_uniform
popcount32,0x00080006,3,264.67,7.02172,69.95253,count_matched_uniform
popcount32,0x0002ba10,7,264.67,7.02172,69.95253,count_matched_uniform
popcount32,0x50011611,8,264.67,7.02172,69.95253,count_matched_uniform
popcount32,0x13440003,7,264.67,7.02172,69.95253,count_matched_uniform
popcount32,0x0004000c,3,264.67,7.02172,69.95253,count_matched_uniform
popcount32,0x2217c018,10,264.67,7.02172,69.95253,v1_learn
popcount32,0x7ffa8400,15,264.67,7.02172,69.95253,v2_frozen;v2_learn
popcount32,0x7c808000,7,264.67,7.02172,69.95253,v2_frozen;v2_learn
popcount32,0x78888000,7,264.67,7.02172,69.95253,v2_frozen
popcount32,0x40208000,3,264.67,7.02172,69.95253,count_matched_uniform
popcount32,0x7ffc1040,15,264.67,7.02172,69.95253,v2_frozen;v2_learn
popcount32,0x63acec41,15,264.67,7.02172,69.95253,count_matched_uniform
popcount32,0x7ffc8800,15,264.67,7.02172,69.95253,v2_frozen;v2_learn
popcount32,0x7ffa8800,15,264.67,7.02172,69.95253,v2_frozen;v2_learn
popcount32,0x7fda8050,15,264.67,7.02172,69.95253,v2_frozen;v2_learn
popcount32,0x7ffc0c00,15,264.67,7.02172,69.95253,v2_frozen;v2_learn
popcount32,0x0f0cb467,15,264.67,7.02172,69.95253,count_matched_uniform
popcount32,0x02c68080,7,264.67,7.02172,69.95253,v1_learn
popcount32,0x60982080,7,264.67,7.02172,69.95253,v1_learn
popcount32,0x58c80080,7,264.67,7.02172,69.95253,v2_learn
popcount32,0x50801080,5,264.67,7.02172,69.95253,v1_learn
popcount32,0x19022080,6,264.67,7.02172,69.95253,v1_learn
popcount32,0x69821000,7,264.67,7.02172,69.95253,v2_frozen;v2_learn
popcount32,0x7ffa8080,15,264.67,7.02172,69.95253,v2_frozen;v2_learn
popcount32,0x00848486,7,264.67,7.02172,69.95253,v1_learn
popcount32,0x028e0288,8,264.67,7.02172,69.95253,v1_learn
popcount32,0x00203288,6,264.67,7.02172,69.95253,v1_learn
popcount32,0x00c10289,7,264.67,7.02172,69.95253,v1_learn
popcount32,0x40c1c688,10,264.67,7.02172,69.95253,v1_learn
popcount32,0x08208886,7,264.67,7.02172,69.95253,v1_learn
popcount32,0x7fe78080,15,264.67,7.02172,69.95253,v2_frozen;v2_learn
popcount32,0x05618080,7,264.67,7.02172,69.95253,count_matched_uniform
popcount32,0x40a90088,7,264.67,7.02172,69.95253,count_matched_uniform
popcount32,0x0cc12e90,11,264.67,7.02172,69.95253,v1_learn
popcount32,0x08868090,7,264.67,7.02172,69.95253,v2_learn
popcount32,0x7c000280,7,264.67,7.02172,69.95253,v2_frozen;v2_learn
popcount32,0x243e969a,15,264.67,7.02172,69.95253,count_matched_uniform
popcount32,0x520820a0,7,264.67,7.02172,69.95253,count_matched_uniform
popcount32,0x146028a2,9,264.67,7.02172,69.95253,v1_learn
popcount32,0x42a8c0a4,10,264.67,7.02172,69.95253,v1_learn
popcount32,0x0a76e2ac,15,264.67,7.02172,69.95253,count_matched_uniform
popcount32,0x400022b0,6,264.67,7.02172,69.95253,v1_learn
popcount32,0x488084c0,7,264.67,7.02172,69.95253,count_matched_uniform
popcount32,0x099002c1,8,264.67,7.02172,69.95253,v1_learn
popcount32,0x088a82c1,9,264.67,7.02172,69.95253,v1_learn
popcount32,0x088400c2,6,264.67,7.02172,69.95253,v1_learn
popcount32,0x089488c6,10,264.67,7.02172,69.95253,v1_learn
popcount32,0x6a8800c9,10,264.67,7.02172,69.95253,v1_learn
popcount32,0x0a90a8ca,11,264.67,7.02172,69.95253,v1_learn
popcount32,0x214a3ed6,15,264.67,7.02172,69.95253,count_matched_uniform
popcount32,0x009892f0,10,264.67,7.02172,69.95253,v1_learn
popcount32,0x088288f0,9,264.67,7.02172,69.95253,v1_learn
popcount32,0x050b0300,7,264.67,7.02172,69.95253,count_matched_uniform
popcount32,0x78902000,7,264.67,7.02172,69.95253,v2_learn
popcount32,0x20c6c902,10,264.67,7.02172,69.95253,v1_learn
popcount32,0x30bc0000,7,264.67,7.02172,69.95253,v2_frozen;v2_learn
popcount32,0x5d840000,7,264.67,7.02172,69.95253,v2_frozen;v2_learn
popcount32,0x1c20a800,7,264.67,7.02172,69.95253,v2_learn
popcount32,0x18802a02,7,264.67,7.02172,69.95253,v1_learn
popcount32,0x7ffd8000,15,264.67,7.02172,69.95253,v2_learn
popcount32,0x6f6beb67,22,264.67,7.02172,69.95253,count_matched_uniform
popcount32,0x4a151f6a,15,264.67,7.02172,69.95253,count_matched_uniform
popcount32,0x000e8180,6,264.67,7.02172,69.95253,v1_learn
popcount32,0x10808380,6,264.67,7.02172,69.95253,v1_learn
popcount32,0x0000b000,3,264.67,7.02172,69.95253,v2_frozen
popcount32,0x02a80989,9,264.67,7.02172,69.95253,v1_learn
popcount32,0x090a098a,9,264.67,7.02172,69.95253,v1_learn
popcount32,0x7fffff89,26,264.67,7.02172,69.95253,v2_frozen
popcount32,0x40a189a8,10,264.67,7.02172,69.95253,v1_learn
popcount32,0x7fffffa9,27,264.67,7.02172,69.95253,v2_learn
popcount32,0x0084a5be,12,264.67,7.02172,69.95253,v1_learn
popcount32,0x37f7fbbf,26,264.67,7.02172,69.95253,count_matched_uniform
popcount32,0x40e86880,9,264.67,7.02172,69.95253,v1_learn
popcount32,0x7fff0000,15,264.67,7.02172,69.95253,v2_learn
popcount32,0x208401c8,7,264.67,7.02172,69.95253,v1_learn
popcount32,0x7fffffff,31,264.67,7.02172,69.95253,shared_seed
priority32,0x00808080,3,188.594,7.53816,75.193006,shared_seed
priority32,0x7fffb084,20,190.19,7.54774,75.28721,v2_learn
priority32,0x20891a88,9,191.52,7.65727,76.38118,v1_learn
priority32,0x61f968c9,16,193.648,7.66985,76.504852,v1_learn
priority32,0x61e2523b,15,195.776,7.6717,76.521224,count_matched_uniform
priority32,0x420aa2b2,11,197.904,7.68299,76.631996,v1_learn
priority32,0x2dd58a34,15,198.702,7.68431,76.644398,v1_learn
priority32,0x7fffffff,31,205.352,7.6883,76.677648,shared_seed
priority32,0x7ffc8080,15,215.726,7.69509,76.735174,v2_learn
