benchmark,rng_seed,method,query,mask,boundary_count,status,valid,cache_hit,area,wns,score,incumbent_reward,improvement_over_seed
cmp32,20260923,v1_learn,1,0x04883000,5,success,True,False,274.778,7.58816,75.606822,76.013816,0.0
cmp32,20260923,v1_learn,2,0x028e8288,9,success,True,False,270.788,7.62837,76.012912,76.013816,0.0
cmp32,20260923,v1_learn,3,0x420aa2b2,11,success,True,False,276.906,7.6065,75.788094,76.013816,0.0
cmp32,20260923,v1_learn,4,0x084084aa,8,success,True,False,280.63,7.58449,75.56427,76.013816,0.0
cmp32,20260923,v1_learn,5,0x0a328a8c,11,success,True,False,276.108,7.60949,75.818792,76.013816,0.0
cmp32,20260923,v1_learn,6,0x5a830808,9,success,True,False,275.576,7.59931,75.717524,76.013816,0.0
cmp32,20260923,v1_learn,7,0x000e8188,7,success,True,False,272.916,7.62542,75.981284,76.013816,0.0
cmp32,20260923,v1_learn,8,0x10888380,7,success,True,False,269.724,7.60564,75.786676,76.013816,0.0
cmp32,20260923,v1_learn,9,0x1462a8a6,12,success,True,False,279.566,7.63915,76.111934,76.111934,0.09811799999999948
cmp32,20260923,v1_learn,10,0x02a80989,9,success,True,False,268.394,7.61326,75.864206,76.111934,0.09811799999999948
cmp32,20260923,v1_learn,11,0x0032a288,8,success,True,False,276.906,7.62799,76.002994,76.111934,0.09811799999999948
cmp32,20260923,v1_learn,12,0x02c68088,8,success,True,False,272.384,7.58332,75.560816,76.111934,0.09811799999999948
cmp32,20260923,v1_learn,13,0x11b8d2f0,14,success,True,False,269.724,7.63033,76.033576,76.111934,0.09811799999999948
cmp32,20260923,v1_learn,14,0x026800a0,6,success,True,False,274.512,7.60915,75.816988,76.111934,0.09811799999999948
cmp32,20260923,v1_learn,15,0x0ab08194,10,success,True,False,275.842,7.65583,76.282458,76.282458,0.2686419999999998
cmp32,20260923,v1_learn,16,0x20982090,7,success,True,False,271.852,7.60569,75.785048,76.282458,0.2686419999999998
cmp32,20260923,v2_learn,1,0x10000000,1,success,True,False,275.044,7.61834,75.908356,76.013816,0.0
cmp32,20260923,v2_learn,2,0x00200000,1,success,True,False,276.374,7.58877,75.611326,76.013816,0.0
cmp32,20260923,v2_learn,3,0x00000400,1,success,True,False,285.684,7.60188,75.733116,76.013816,0.0
cmp32,20260923,v2_learn,4,0x7fab2801,15,success,True,False,272.916,7.6297,76.024084,76.024084,0.010267999999996391
cmp32,20260923,v2_learn,5,0x00001000,1,success,True,False,266.266,7.59896,75.723334,76.024084,0.010267999999996391
cmp32,20260923,v2_learn,6,0x7a808000,7,success,True,False,280.098,7.6071,75.790902,76.024084,0.010267999999996391
cmp32,20260923,v2_learn,7,0x7ffe8000,15,success,True,False,276.64,7.58053,75.52866,76.024084,0.010267999999996391
cmp32,20260923,v2_learn,8,0x42800000,3,success,True,False,268.128,7.54286,75.160472,76.024084,0.010267999999996391
cmp32,20260923,v2_learn,9,0x7fed0208,15,success,True,False,272.384,7.60274,75.755016,76.024084,0.010267999999996391
cmp32,20260923,v2_learn,10,0x7fff0000,15,success,True,False,271.054,7.59944,75.723346,76.024084,0.010267999999996391
cmp32,20260923,v2_learn,11,0x66808080,7,success,True,False,272.65,7.60536,75.78095,76.024084,0.010267999999996391
cmp32,20260923,v2_learn,12,0x00100000,1,success,True,False,272.65,7.59744,75.70175,76.024084,0.010267999999996391
cmp32,20260923,v2_learn,13,0x00400000,1,success,True,False,272.118,7.60334,75.761282,76.024084,0.010267999999996391
cmp32,20260923,v2_learn,14,0x04000000,1,success,True,False,274.778,7.61857,75.910922,76.024084,0.010267999999996391
cmp32,20260923,v2_learn,15,0x7ffa8200,15,success,True,False,269.724,7.59465,75.676776,76.024084,0.010267999999996391
cmp32,20260923,v2_learn,16,0x01000000,1,success,True,False,275.31,7.59015,75.62619,76.024084,0.010267999999996391
cmp32,20260923,v2_frozen,1,0x10000000,1,success,True,True,275.044,7.61834,75.908356,76.013816,0.0
cmp32,20260923,v2_frozen,2,0x00200000,1,success,True,True,276.374,7.58877,75.611326,76.013816,0.0
cmp32,20260923,v2_frozen,3,0x00000400,1,success,True,True,285.684,7.60188,75.733116,76.013816,0.0
cmp32,20260923,v2_frozen,4,0x7fab2801,15,success,True,True,272.916,7.6297,76.024084,76.024084,0.010267999999996391
cmp32,20260923,v2_frozen,5,0x00002000,1,success,True,False,275.044,7.51617,74.886656,76.024084,0.010267999999996391
cmp32,20260923,v2_frozen,6,0x09008000,3,success,True,False,276.374,7.59234,75.647026,76.024084,0.010267999999996391
cmp32,20260923,v2_frozen,7,0x7ffe8000,15,success,True,True,276.64,7.58053,75.52866,76.024084,0.010267999999996391
cmp32,20260923,v2_frozen,8,0x08000000,1,success,True,False,282.492,7.58714,75.588908,76.024084,0.010267999999996391
cmp32,20260923,v2_frozen,9,0x7ffb0800,15,success,True,False,269.458,7.56878,75.418342,76.024084,0.010267999999996391
cmp32,20260923,v2_frozen,10,0x7fff0000,15,success,True,True,271.054,7.59944,75.723346,76.024084,0.010267999999996391
cmp32,20260923,v2_frozen,11,0x7e800000,7,success,True,False,280.364,7.60743,75.793936,76.024084,0.010267999999996391
cmp32,20260923,v2_frozen,12,0x48008000,3,success,True,False,275.044,7.63156,76.040556,76.040556,0.02673999999998955
cmp32,20260923,v2_frozen,13,0x6e800080,7,success,True,False,279.566,7.57733,75.493734,76.040556,0.02673999999998955
cmp32,20260923,v2_frozen,14,0x02000000,1,success,True,False,283.822,7.59983,75.714478,76.040556,0.02673999999998955
cmp32,20260923,v2_frozen,15,0x7ffa8400,15,success,True,False,270.788,7.59405,75.669712,76.040556,0.02673999999998955
cmp32,20260923,v2_frozen,16,0x7fda8028,15,success,True,False,274.512,7.60603,75.785788,76.040556,0.02673999999998955
cmp32,20260923,count_matched_uniform,1,0x40000000,1,success,True,False,267.33,7.60212,75.75387,76.013816,0.0
cmp32,20260923,count_matched_uniform,2,0x00100000,1,success,True,True,272.65,7.59744,75.70175,76.013816,0.0
cmp32,20260923,count_matched_uniform,3,0x00000400,1,success,True,True,285.684,7.60188,75.733116,76.013816,0.0
cmp32,20260923,count_matched_uniform,4,0x0f0cb467,15,success,True,False,266,7.57363,75.4703,76.013816,0.0
cmp32,20260923,count_matched_uniform,5,0x00001000,1,success,True,True,266.266,7.59896,75.723334,76.013816,0.0
cmp32,20260923,count_matched_uniform,6,0x00820800,3,success,True,False,281.96,7.62621,75.98014,76.013816,0.0
cmp32,20260923,count_matched_uniform,7,0x2e074cad,15,success,True,False,281.96,7.61933,75.91134,76.013816,0.0
cmp32,20260923,count_matched_uniform,8,0x01000000,1,success,True,True,275.31,7.59015,75.62619,76.013816,0.0
cmp32,20260923,count_matched_uniform,9,0x00000002,1,success,True,False,275.044,7.56085,75.333456,76.013816,0.0
cmp32,20260923,count_matched_uniform,10,0x50b9163b,15,success,True,False,268.128,7.62054,75.937272,76.013816,0.0
cmp32,20260923,count_matched_uniform,11,0x488084c0,7,success,True,False,273.182,7.57999,75.526718,76.013816,0.0
cmp32,20260923,count_matched_uniform,12,0x00200000,1,success,True,True,276.374,7.58877,75.611326,76.013816,0.0
cmp32,20260923,count_matched_uniform,13,0x00400000,1,success,True,True,272.118,7.60334,75.761282,76.013816,0.0
cmp32,20260923,count_matched_uniform,14,0x10000000,1,success,True,True,275.044,7.61834,75.908356,76.013816,0.0
cmp32,20260923,count_matched_uniform,15,0x243e969a,15,success,True,False,275.842,7.66002,76.324358,76.324358,0.3105419999999981
cmp32,20260923,count_matched_uniform,16,0x0a76e2ac,15,success,True,False,286.216,7.63153,76.029084,76.324358,0.3105419999999981
cmp32,20260924,v1_learn,1,0x089488c6,10,success,True,False,273.98,7.58765,75.60252,76.013816,0.0
cmp32,20260924,v1_learn,2,0x6e8a00c9,12,success,True,False,275.31,7.57357,75.46039,76.013816,0.0
cmp32,20260924,v1_learn,3,0x2277f218,15,success,True,False,270.522,7.53237,75.053178,76.013816,0.0
cmp32,20260924,v1_learn,4,0x0080862a,7,success,True,False,277.97,7.59575,75.67953,76.013816,0.0
cmp32,20260924,v1_learn,5,0x09900a81,8,success,True,False,276.108,7.59946,75.718492,76.013816,0.0
cmp32,20260924,v1_learn,6,0x008405e8,8,success,True,False,279.832,7.64255,76.145668,76.145668,0.13185199999999497
cmp32,20260924,v1_learn,7,0x08a08c86,9,success,True,False,269.458,7.62153,75.945842,76.145668,0.13185199999999497
cmp32,20260924,v1_learn,8,0x098809aa,10,success,True,False,272.384,7.59731,75.700716,76.145668,0.13185199999999497
cmp32,20260924,v1_learn,9,0x2d890a24,11,success,True,False,279.034,7.59961,75.717066,76.145668,0.13185199999999497
cmp32,20260924,v1_learn,10,0x00a002a0,5,success,True,False,271.852,7.5253,74.981148,76.145668,0.13185199999999497
cmp32,20260924,v1_learn,11,0x2802852a,9,success,True,False,275.044,7.59275,75.652456,76.145668,0.13185199999999497
cmp32,20260924,v1_learn,12,0x18802802,6,success,True,False,279.566,7.53767,75.097134,76.145668,0.13185199999999497
cmp32,20260924,v1_learn,13,0x20c68902,9,success,True,False,277.438,7.62094,75.931962,76.145668,0.13185199999999497
cmp32,20260924,v1_learn,14,0x0cc02e80,9,success,True,False,269.99,7.53164,75.04641,76.145668,0.13185199999999497
cmp32,20260924,v1_learn,15,0x088a84c9,10,success,True,False,270.522,7.62653,75.994778,76.145668,0.13185199999999497
cmp32,20260924,v1_learn,16,0x40c987aa,13,success,True,False,270.522,7.58845,75.613978,76.145668,0.13185199999999497
cmp32,20260924,v2_learn,1,0x7fe3c080,15,success,True,False,268.66,7.61227,75.85404,76.013816,0.0
cmp32,20260924,v2_learn,2,0x7ffc0c00,15,success,True,False,271.586,7.59822,75.710614,76.013816,0.0
cmp32,20260924,v2_learn,3,0x04000000,1,success,True,True,274.778,7.61857,75.910922,76.013816,0.0
cmp32,20260924,v2_learn,4,0x00000008,1,success,True,False,288.61,7.58648,75.57619,76.013816,0.0
cmp32,20260924,v2_learn,5,0x7d800000,7,success,True,False,270.256,7.59878,75.717544,76.013816,0.0
cmp32,20260924,v2_learn,6,0x7ff8a200,15,success,True,False,268.394,7.63802,76.111806,76.111806,0.0979899999999958
cmp32,20260924,v2_learn,7,0x7ffa8100,15,success,True,False,277.704,7.62797,76.001996,76.111806,0.0979899999999958
cmp32,20260924,v2_learn,8,0x7ffe8000,15,success,True,True,276.64,7.58053,75.52866,76.111806,0.0979899999999958
cmp32,20260924,v2_learn,9,0x58c80080,7,success,True,False,264.138,7.58995,75.635362,76.111806,0.0979899999999958
cmp32,20260924,v2_learn,10,0x7ffe0080,15,success,True,False,272.384,7.54055,75.133116,76.111806,0.0979899999999958
cmp32,20260924,v2_learn,11,0x7ffa8040,15,success,True,False,277.97,7.60581,75.78013,76.111806,0.0979899999999958
cmp32,20260924,v2_learn,12,0x7e800000,7,success,True,True,280.364,7.60743,75.793936,76.111806,0.0979899999999958
cmp32,20260924,v2_learn,13,0x7ffc2020,15,success,True,False,269.458,7.6464,76.194542,76.194542,0.18072599999999284
cmp32,20260924,v2_learn,14,0x7fe9a080,15,success,True,False,268.128,7.60776,75.809472,76.194542,0.18072599999999284
cmp32,20260924,v2_learn,15,0x7c808000,7,success,True,False,275.31,7.56133,75.33799,76.194542,0.18072599999999284
cmp32,20260924,v2_learn,16,0x00001000,1,success,True,True,266.266,7.59896,75.723334,76.194542,0.18072599999999284
cmp32,20260924,v2_frozen,1,0x7fe3c080,15,success,True,True,268.66,7.61227,75.85404,76.013816,0.0
cmp32,20260924,v2_frozen,2,0x7ffc0c00,15,success,True,True,271.586,7.59822,75.710614,76.013816,0.0
cmp32,20260924,v2_frozen,3,0x19000000,3,success,True,False,265.468,7.52329,74.967432,76.013816,0.0
cmp32,20260924,v2_frozen,4,0x00840008,3,success,True,False,287.546,7.59942,75.706654,76.013816,0.0
cmp32,20260924,v2_frozen,5,0x7d800000,7,success,True,True,270.256,7.59878,75.717544,76.013816,0.0
cmp32,20260924,v2_frozen,6,0x7ff8a200,15,success,True,True,268.394,7.63802,76.111806,76.111806,0.0979899999999958
cmp32,20260924,v2_frozen,7,0x00000008,1,success,True,True,288.61,7.58648,75.57619,76.111806,0.0979899999999958
cmp32,20260924,v2_frozen,8,0x7fffda80,21,success,True,False,267.862,7.55759,75.308038,76.111806,0.0979899999999958
cmp32,20260924,v2_frozen,9,0x58c80080,7,success,True,True,264.138,7.58995,75.635362,76.111806,0.0979899999999958
cmp32,20260924,v2_frozen,10,0x7e800000,7,success,True,True,280.364,7.60743,75.793936,76.111806,0.0979899999999958
cmp32,20260924,v2_frozen,11,0x7ffa8040,15,success,True,True,277.97,7.60581,75.78013,76.111806,0.0979899999999958
cmp32,20260924,v2_frozen,12,0x7ffe8000,15,success,True,True,276.64,7.58053,75.52866,76.111806,0.0979899999999958
cmp32,20260924,v2_frozen,13,0x7ffc1020,15,success,True,False,272.384,7.6162,75.889616,76.111806,0.0979899999999958
cmp32,20260924,v2_frozen,14,0x7fe9a080,15,success,True,True,268.128,7.60776,75.809472,76.111806,0.0979899999999958
cmp32,20260924,v2_frozen,15,0x7c808000,7,success,True,True,275.31,7.56133,75.33799,76.111806,0.0979899999999958
cmp32,20260924,v2_frozen,16,0x00000800,1,success,True,False,264.936,7.62312,75.966264,76.111806,0.0979899999999958
cmp32,20260924,count_matched_uniform,1,0x00000020,1,success,True,False,284.886,7.6078,75.793114,76.013816,0.0
cmp32,20260924,count_matched_uniform,2,0x40946b7d,15,success,True,False,279.566,7.63393,76.059734,76.059734,0.04591800000000035
cmp32,20260924,count_matched_uniform,3,0x10001800,3,success,True,False,277.172,7.60226,75.745428,76.059734,0.04591800000000035
cmp32,20260924,count_matched_uniform,4,0x00040404,3,success,True,False,268.926,7.546,75.191074,76.059734,0.04591800000000035
cmp32,20260924,count_matched_uniform,5,0x00004000,1,success,True,False,276.906,7.60769,75.799994,76.059734,0.04591800000000035
cmp32,20260924,count_matched_uniform,6,0x076bab0c,15,success,True,False,272.118,7.62037,75.931582,76.059734,0.04591800000000035
cmp32,20260924,count_matched_uniform,7,0x00000002,1,success,True,True,275.044,7.56085,75.333456,76.059734,0.04591800000000035
cmp32,20260924,count_matched_uniform,8,0x7fbdfffb,28,success,True,False,273.98,7.61192,75.84522,76.059734,0.04591800000000035
cmp32,20260924,count_matched_uniform,9,0x00002000,1,success,True,True,275.044,7.51617,74.886656,76.059734,0.04591800000000035
cmp32,20260924,count_matched_uniform,10,0x520820a0,7,success,True,False,268.926,7.61944,75.925474,76.059734,0.04591800000000035
cmp32,20260924,count_matched_uniform,11,0x30980102,7,success,True,False,279.566,7.60501,75.770534,76.059734,0.04591800000000035
cmp32,20260924,count_matched_uniform,12,0x6e01ccd3,15,success,True,False,273.98,7.59102,75.63622,76.059734,0.04591800000000035
cmp32,20260924,count_matched_uniform,13,0x305725f8,15,success,True,False,276.108,7.55206,75.244492,76.059734,0.04591800000000035
cmp32,20260924,count_matched_uniform,14,0x015abb1b,15,success,True,False,276.374,7.60236,75.747226,76.059734,0.04591800000000035
cmp32,20260924,count_matched_uniform,15,0x00010000,1,success,True,False,264.404,7.5762,75.497596,76.059734,0.04591800000000035
cmp32,20260924,count_matched_uniform,16,0x00000800,1,success,True,True,264.936,7.62312,75.966264,76.059734,0.04591800000000035
cmp32,20260925,v1_learn,1,0x0ab0a8ea,13,success,True,False,275.044,7.57689,75.493856,76.013816,0.0
cmp32,20260925,v1_learn,2,0x088400c2,6,success,True,False,268.66,7.54051,75.13644,76.013816,0.0
cmp32,20260925,v1_learn,3,0x00c10299,8,success,True,False,273.182,7.55915,75.318318,76.013816,0.0
cmp32,20260925,v1_learn,4,0x40a18928,9,success,True,False,275.576,7.5736,75.460424,76.013816,0.0
cmp32,20260925,v1_learn,5,0x02aa8520,9,success,True,False,272.384,7.56276,75.355216,76.013816,0.0
cmp32,20260925,v1_learn,6,0x08828af0,10,success,True,False,271.586,7.61418,75.870214,76.013816,0.0
cmp32,20260925,v1_learn,7,0x20881208,6,success,True,False,266.266,7.60483,75.782034,76.013816,0.0
cmp32,20260925,v1_learn,8,0x190aa080,8,success,True,False,278.768,7.59286,75.649832,76.013816,0.0
cmp32,20260925,v1_learn,9,0x50881200,6,success,True,False,267.064,7.55932,75.326136,76.013816,0.0
cmp32,20260925,v1_learn,10,0x73c8a88c,14,success,True,False,276.906,7.63112,76.034294,76.034294,0.02047799999999711
cmp32,20260925,v1_learn,11,0x398ae804,12,success,True,False,275.576,7.62709,75.995324,76.034294,0.02047799999999711
cmp32,20260925,v1_learn,12,0x42a8ea24,12,success,True,False,284.886,7.6094,75.809114,76.034294,0.02047799999999711
cmp32,20260925,v1_learn,13,0x0086a484,8,success,True,False,266.532,7.60418,75.775268,76.034294,0.02047799999999711
cmp32,20260925,v1_learn,14,0x71ea6800,12,success,True,False,270.522,7.53814,75.110878,76.034294,0.02047799999999711
cmp32,20260925,v1_learn,15,0x0084a5be,12,success,True,False,276.108,7.60938,75.817692,76.034294,0.02047799999999711
cmp32,20260925,v1_learn,16,0x200a8880,6,success,True,False,272.916,7.60899,75.816984,76.034294,0.02047799999999711
cmp32,20260925,v2_learn,1,0x00000002,1,success,True,True,275.044,7.56085,75.333456,76.013816,0.0
cmp32,20260925,v2_learn,2,0x000000d0,3,success,True,False,275.31,7.60381,75.76279,76.013816,0.0
cmp32,20260925,v2_learn,3,0x20000000,1,success,True,False,275.842,7.61056,75.829758,76.013816,0.0
cmp32,20260925,v2_learn,4,0x7fdda000,15,success,True,False,269.192,7.60488,75.779608,76.013816,0.0
cmp32,20260925,v2_learn,5,0x08800800,3,success,True,False,272.118,7.56692,75.397082,76.013816,0.0
cmp32,20260925,v2_learn,6,0x7fe3e000,15,success,True,False,272.384,7.54764,75.204016,76.013816,0.0
cmp32,20260925,v2_learn,7,0x7ffc8080,15,success,True,False,270.256,7.53926,75.122344,76.013816,0.0
cmp32,20260925,v2_learn,8,0x78880800,7,success,True,False,271.852,7.55956,75.323748,76.013816,0.0
cmp32,20260925,v2_learn,9,0x7e800000,7,success,True,True,280.364,7.60743,75.793936,76.013816,0.0
cmp32,20260925,v2_learn,10,0x1c20a800,7,success,True,False,280.364,7.59182,75.637836,76.013816,0.0
cmp32,20260925,v2_learn,11,0x60800000,3,success,True,False,271.852,7.55219,75.250048,76.013816,0.0
cmp32,20260925,v2_learn,12,0x5c808800,7,success,True,False,283.29,7.60507,75.76741,76.013816,0.0
cmp32,20260925,v2_learn,13,0x7c000280,7,success,True,False,271.054,7.62689,75.997846,76.013816,0.0
cmp32,20260925,v2_learn,14,0x04000000,1,success,True,True,274.778,7.61857,75.910922,76.013816,0.0
cmp32,20260925,v2_learn,15,0x08868090,7,success,True,False,271.586,7.59749,75.703314,76.013816,0.0
cmp32,20260925,v2_learn,16,0x78881000,7,success,True,False,269.99,7.56642,75.39421,76.013816,0.0
cmp32,20260925,v2_frozen,1,0x00000002,1,success,True,True,275.044,7.56085,75.333456,76.013816,0.0
cmp32,20260925,v2_frozen,2,0x000000d0,3,success,True,True,275.31,7.60381,75.76279,76.013816,0.0
cmp32,20260925,v2_frozen,3,0x20000000,1,success,True,True,275.842,7.61056,75.829758,76.013816,0.0
cmp32,20260925,v2_frozen,4,0x7fdda000,15,success,True,True,269.192,7.60488,75.779608,76.013816,0.0
cmp32,20260925,v2_frozen,5,0x08800800,3,success,True,True,272.118,7.56692,75.397082,76.013816,0.0
cmp32,20260925,v2_frozen,6,0x30f80000,7,success,True,False,267.862,7.62456,75.977738,76.013816,0.0
cmp32,20260925,v2_frozen,7,0x7ffc8040,15,success,True,False,270.256,7.57551,75.484844,76.013816,0.0
cmp32,20260925,v2_frozen,8,0x7fffff80,24,success,True,False,268.128,7.63719,76.103772,76.103772,0.08995600000000081
cmp32,20260925,v2_frozen,9,0x7e800000,7,success,True,True,280.364,7.60743,75.793936,76.103772,0.08995600000000081
cmp32,20260925,v2_frozen,10,0x1c20a800,7,success,True,True,280.364,7.59182,75.637836,76.103772,0.08995600000000081
cmp32,20260925,v2_frozen,11,0x00002000,1,success,True,True,275.044,7.51617,74.886656,76.103772,0.08995600000000081
cmp32,20260925,v2_frozen,12,0x00000020,1,success,True,True,284.886,7.6078,75.793114,76.103772,0.08995600000000081
cmp32,20260925,v2_frozen,13,0x7c000280,7,success,True,True,271.054,7.62689,75.997846,76.103772,0.08995600000000081
cmp32,20260925,v2_frozen,14,0x04000000,1,success,True,True,274.778,7.61857,75.910922,76.103772,0.08995600000000081
cmp32,20260925,v2_frozen,15,0x088a8090,7,success,True,False,276.108,7.60436,75.767492,76.103772,0.08995600000000081
cmp32,20260925,v2_frozen,16,0x78a02000,7,success,True,False,271.32,7.61038,75.83248,76.103772,0.08995600000000081
cmp32,20260925,count_matched_uniform,1,0x00000001,1,success,True,False,274.778,7.5721,75.446222,76.013816,0.0
cmp32,20260925,count_matched_uniform,2,0x00081346,7,success,True,False,281.96,7.61039,75.82194,76.013816,0.0
cmp32,20260925,count_matched_uniform,3,0x00000800,1,success,True,True,264.936,7.62312,75.966264,76.013816,0.0
cmp32,20260925,count_matched_uniform,4,0x05ebaa91,15,success,True,False,279.3,7.59882,75.7089,76.013816,0.0
cmp32,20260925,count_matched_uniform,5,0x00200802,3,success,True,False,283.024,7.60035,75.720476,76.013816,0.0
cmp32,20260925,count_matched_uniform,6,0x13440003,7,success,True,False,280.098,7.61688,75.888702,76.013816,0.0
cmp32,20260925,count_matched_uniform,7,0x19303a7e,15,success,True,False,276.906,7.60788,75.801894,76.013816,0.0
cmp32,20260925,count_matched_uniform,8,0x7d97edf7,24,success,True,False,274.246,7.60998,75.825554,76.013816,0.0
cmp32,20260925,count_matched_uniform,9,0x40a90088,7,success,True,False,277.172,7.55948,75.317628,76.013816,0.0
cmp32,20260925,count_matched_uniform,10,0x20003462,7,success,True,False,267.596,7.58711,75.603504,76.013816,0.0
cmp32,20260925,count_matched_uniform,11,0x00004000,1,success,True,True,276.906,7.60769,75.799994,76.013816,0.0
cmp32,20260925,count_matched_uniform,12,0x40208000,3,success,True,False,271.852,7.58526,75.580748,76.013816,0.0
cmp32,20260925,count_matched_uniform,13,0x1211008a,7,success,True,False,277.172,7.57059,75.428728,76.013816,0.0
cmp32,20260925,count_matched_uniform,14,0x10000000,1,success,True,True,275.044,7.61834,75.908356,76.013816,0.0
cmp32,20260925,count_matched_uniform,15,0x1005010e,7,success,True,False,270.788,7.58931,75.622312,76.013816,0.0
cmp32,20260925,count_matched_uniform,16,0x30064009,7,success,True,False,276.374,7.56409,75.364526,76.013816,0.0
popcount32,20260923,v1_learn,1,0x04803000,4,success,True,False,264.67,7.02172,69.95253,69.95253,0.0
popcount32,20260923,v1_learn,2,0x028e0288,8,success,True,False,264.67,7.02172,69.95253,69.95253,0.0
popcount32,20260923,v1_learn,3,0x400022b0,6,success,True,False,264.67,7.02172,69.95253,69.95253,0.0
popcount32,20260923,v1_learn,4,0x080084aa,7,success,True,False,264.67,7.01514,69.88673,69.95253,0.0
popcount32,20260923,v1_learn,5,0x0a228288,8,success,True,False,264.67,7.01514,69.88673,69.95253,0.0
popcount32,20260923,v1_learn,6,0x58830808,8,success,True,False,264.67,7.02172,69.95253,69.95253,0.0
popcount32,20260923,v1_learn,7,0x000e8180,6,success,True,False,264.67,7.02172,69.95253,69.95253,0.0
popcount32,20260923,v1_learn,8,0x10808380,6,success,True,False,264.67,7.02172,69.95253,69.95253,0.0
popcount32,20260923,v1_learn,9,0x146028a2,9,success,True,False,264.67,7.02172,69.95253,69.95253,0.0
popcount32,20260923,v1_learn,10,0x02a80989,9,success,True,False,264.67,7.02172,69.95253,69.95253,0.0
popcount32,20260923,v1_learn,11,0x00203288,6,success,True,False,264.67,7.02172,69.95253,69.95253,0.0
popcount32,20260923,v1_learn,12,0x02c68080,7,success,True,False,264.67,7.02172,69.95253,69.95253,0.0
popcount32,20260923,v1_learn,13,0x009892f0,10,success,True,False,264.67,7.02172,69.95253,69.95253,0.0
popcount32,20260923,v1_learn,14,0x02480080,4,success,True,False,264.67,7.01514,69.88673,69.95253,0.0
popcount32,20260923,v1_learn,15,0x0a908090,7,success,True,False,264.67,7.01514,69.88673,69.95253,0.0
popcount32,20260923,v1_learn,16,0x60982080,7,success,True,False,264.67,7.02172,69.95253,69.95253,0.0
popcount32,20260923,v2_learn,1,0x10000000,1,success,True,False,264.67,7.01514,69.88673,69.95253,0.0
popcount32,20260923,v2_learn,2,0x00080000,1,success,True,False,264.67,7.01514,69.88673,69.95253,0.0
popcount32,20260923,v2_learn,3,0x00000200,1,success,True,False,264.67,7.01514,69.88673,69.95253,0.0
popcount32,20260923,v2_learn,4,0x7fab4801,15,success,True,False,264.67,7.02172,69.95253,69.95253,0.0
popcount32,20260923,v2_learn,5,0x00001000,1,success,True,False,264.67,7.01514,69.88673,69.95253,0.0
popcount32,20260923,v2_learn,6,0x09008000,3,success,True,False,264.67,7.01514,69.88673,69.95253,0.0
popcount32,20260923,v2_learn,7,0x7ffe8000,15,success,True,False,264.67,7.02172,69.95253,69.95253,0.0
popcount32,20260923,v2_learn,8,0x08000000,1,success,True,False,264.67,7.01514,69.88673,69.95253,0.0
popcount32,20260923,v2_learn,9,0x7ffb0800,15,success,True,False,264.67,7.02172,69.95253,69.95253,0.0
popcount32,20260923,v2_learn,10,0x7fff0000,15,success,True,False,264.67,7.02172,69.95253,69.95253,0.0
popcount32,20260923,v2_learn,11,0x7e800000,7,success,True,False,264.67,7.02172,69.95253,69.95253,0.0
popcount32,20260923,v2_learn,12,0x00100000,1,success,True,False,264.67,7.01514,69.88673,69.95253,0.0
popcount32,20260923,v2_learn,13,0x00400000,1,success,True,False,264.67,7.01514,69.88673,69.95253,0.0
popcount32,20260923,v2_learn,14,0x02000000,1,success,True,False,264.67,7.01514,69.88673,69.95253,0.0
popcount32,20260923,v2_learn,15,0x7ffa8400,15,success,True,False,264.67,7.02172,69.95253,69.95253,0.0
popcount32,20260923,v2_learn,16,0x7fda8050,15,success,True,False,264.67,7.02172,69.95253,69.95253,0.0
popcount32,20260923,v2_frozen,1,0x10000000,1,success,True,True,264.67,7.01514,69.88673,69.95253,0.0
popcount32,20260923,v2_frozen,2,0x00080000,1,success,True,True,264.67,7.01514,69.88673,69.95253,0.0
popcount32,20260923,v2_frozen,3,0x00000200,1,success,True,True,264.67,7.01514,69.88673,69.95253,0.0
popcount32,20260923,v2_frozen,4,0x7fab4801,15,success,True,True,264.67,7.02172,69.95253,69.95253,0.0
popcount32,20260923,v2_frozen,5,0x00001000,1,success,True,True,264.67,7.01514,69.88673,69.95253,0.0
popcount32,20260923,v2_frozen,6,0x09008000,3,success,True,True,264.67,7.01514,69.88673,69.95253,0.0
popcount32,20260923,v2_frozen,7,0x7ffe8000,15,success,True,True,264.67,7.02172,69.95253,69.95253,0.0
popcount32,20260923,v2_frozen,8,0x08000000,1,success,True,True,264.67,7.01514,69.88673,69.95253,0.0
popcount32,20260923,v2_frozen,9,0x7ffb0800,15,success,True,True,264.67,7.02172,69.95253,69.95253,0.0
popcount32,20260923,v2_frozen,10,0x7f800000,8,success,True,False,264.67,7.01514,69.88673,69.95253,0.0
popcount32,20260923,v2_frozen,11,0x7e800000,7,success,True,True,264.67,7.02172,69.95253,69.95253,0.0
popcount32,20260923,v2_frozen,12,0x09800000,3,success,True,False,264.67,7.02172,69.95253,69.95253,0.0
popcount32,20260923,v2_frozen,13,0x00200000,1,success,True,False,264.67,7.01514,69.88673,69.95253,0.0
popcount32,20260923,v2_frozen,14,0x02000000,1,success,True,True,264.67,7.01514,69.88673,69.95253,0.0
popcount32,20260923,v2_frozen,15,0x7ffa8400,15,success,True,True,264.67,7.02172,69.95253,69.95253,0.0
popcount32,20260923,v2_frozen,16,0x7fda8050,15,success,True,True,264.67,7.02172,69.95253,69.95253,0.0
popcount32,20260923,count_matched_uniform,1,0x40000000,1,success,True,False,264.67,7.02172,69.95253,69.95253,0.0
popcount32,20260923,count_matched_uniform,2,0x00100000,1,success,True,True,264.67,7.01514,69.88673,69.95253,0.0
popcount32,20260923,count_matched_uniform,3,0x00000400,1,success,True,False,264.67,7.01514,69.88673,69.95253,0.0
popcount32,20260923,count_matched_uniform,4,0x0f0cb467,15,success,True,False,264.67,7.02172,69.95253,69.95253,0.0
popcount32,20260923,count_matched_uniform,5,0x00001000,1,success,True,True,264.67,7.01514,69.88673,69.95253,0.0
popcount32,20260923,count_matched_uniform,6,0x00820800,3,success,True,False,264.67,7.01514,69.88673,69.95253,0.0
popcount32,20260923,count_matched_uniform,7,0x2e074cad,15,success,True,False,264.67,7.01514,69.88673,69.95253,0.0
popcount32,20260923,count_matched_uniform,8,0x01000000,1,success,True,False,264.67,7.01514,69.88673,69.95253,0.0
popcount32,20260923,count_matched_uniform,9,0x6f6beb67,22,success,True,False,264.67,7.02172,69.95253,69.95253,0.0
popcount32,20260923,count_matched_uniform,10,0x50011611,8,success,True,False,264.67,7.02172,69.95253,69.95253,0.0
popcount32,20260923,count_matched_uniform,11,0x488084c0,7,success,True,False,264.67,7.02172,69.95253,69.95253,0.0
popcount32,20260923,count_matched_uniform,12,0x00200000,1,success,True,True,264.67,7.01514,69.88673,69.95253,0.0
popcount32,20260923,count_matched_uniform,13,0x00400000,1,success,True,True,264.67,7.01514,69.88673,69.95253,0.0
popcount32,20260923,count_matched_uniform,14,0x10000000,1,success,True,True,264.67,7.01514,69.88673,69.95253,0.0
popcount32,20260923,count_matched_uniform,15,0x243e969a,15,success,True,False,264.67,7.02172,69.95253,69.95253,0.0
popcount32,20260923,count_matched_uniform,16,0x0a76e2ac,15,success,True,False,264.67,7.02172,69.95253,69.95253,0.0
popcount32,20260924,v1_learn,1,0x089488c6,10,success,True,False,264.67,7.02172,69.95253,69.95253,0.0
popcount32,20260924,v1_learn,2,0x6a8800c9,10,success,True,False,264.67,7.02172,69.95253,69.95253,0.0
popcount32,20260924,v1_learn,3,0x2217c018,10,success,True,False,264.67,7.02172,69.95253,69.95253,0.0
popcount32,20260924,v1_learn,4,0x0011860a,7,success,True,False,264.67,7.02172,69.95253,69.95253,0.0
popcount32,20260924,v1_learn,5,0x099002c1,8,success,True,False,264.67,7.02172,69.95253,69.95253,0.0
popcount32,20260924,v1_learn,6,0x208401c8,7,success,True,False,264.67,7.02172,69.95253,69.95253,0.0
popcount32,20260924,v1_learn,7,0x08208886,7,success,True,False,264.67,7.02172,69.95253,69.95253,0.0
popcount32,20260924,v1_learn,8,0x090a098a,9,success,True,False,264.67,7.02172,69.95253,69.95253,0.0
popcount32,20260924,v1_learn,9,0x2d810a04,9,success,True,False,264.67,7.02172,69.95253,69.95253,0.0
popcount32,20260924,v1_learn,10,0x00a002a0,5,success,True,False,264.67,7.01514,69.88673,69.95253,0.0
popcount32,20260924,v1_learn,11,0x2802000a,5,success,True,False,264.67,7.01514,69.88673,69.95253,0.0
popcount32,20260924,v1_learn,12,0x18802a02,7,success,True,False,264.67,7.02172,69.95253,69.95253,0.0
popcount32,20260924,v1_learn,13,0x20c6c902,10,success,True,False,264.67,7.02172,69.95253,69.95253,0.0
popcount32,20260924,v1_learn,14,0x0cc12e90,11,success,True,False,264.67,7.02172,69.95253,69.95253,0.0
popcount32,20260924,v1_learn,15,0x088a82c1,9,success,True,False,264.67,7.02172,69.95253,69.95253,0.0
popcount32,20260924,v1_learn,16,0x40c1c688,10,success,True,False,264.67,7.02172,69.95253,69.95253,0.0
popcount32,20260924,v2_learn,1,0x7fe78080,15,success,True,False,264.67,7.02172,69.95253,69.95253,0.0
popcount32,20260924,v2_learn,2,0x7ffc0c00,15,success,True,False,264.67,7.02172,69.95253,69.95253,0.0
popcount32,20260924,v2_learn,3,0x02000000,1,success,True,True,264.67,7.01514,69.88673,69.95253,0.0
popcount32,20260924,v2_learn,4,0x00000010,1,success,True,False,264.67,7.01514,69.88673,69.95253,0.0
popcount32,20260924,v2_learn,5,0x7d800000,7,success,True,False,264.67,7.02172,69.95253,69.95253,0.0
popcount32,20260924,v2_learn,6,0x7ff8a200,15,success,True,False,264.67,7.02172,69.95253,69.95253,0.0
popcount32,20260924,v2_learn,7,0x00000008,1,success,True,False,264.67,7.01514,69.88673,69.95253,0.0
popcount32,20260924,v2_learn,8,0x7ffd8000,15,success,True,False,264.67,7.02172,69.95253,69.95253,0.0
popcount32,20260924,v2_learn,9,0x58c80080,7,success,True,False,264.67,7.02172,69.95253,69.95253,0.0
popcount32,20260924,v2_learn,10,0x7e800000,7,success,True,True,264.67,7.02172,69.95253,69.95253,0.0
popcount32,20260924,v2_learn,11,0x7ffa8080,15,success,True,False,264.67,7.02172,69.95253,69.95253,0.0
popcount32,20260924,v2_learn,12,0x7fffffa9,27,success,True,False,264.67,7.02172,69.95253,69.95253,0.0
popcount32,20260924,v2_learn,13,0x7ffc1040,15,success,True,False,264.67,7.02172,69.95253,69.95253,0.0
popcount32,20260924,v2_learn,14,0x69821000,7,success,True,False,264.67,7.02172,69.95253,69.95253,0.0
popcount32,20260924,v2_learn,15,0x7c808000,7,success,True,False,264.67,7.02172,69.95253,69.95253,0.0
popcount32,20260924,v2_learn,16,0x00000800,1,success,True,False,264.67,7.01514,69.88673,69.95253,0.0
popcount32,20260924,v2_frozen,1,0x7fe78080,15,success,True,True,264.67,7.02172,69.95253,69.95253,0.0
popcount32,20260924,v2_frozen,2,0x7ffc0c00,15,success,True,True,264.67,7.02172,69.95253,69.95253,0.0
popcount32,20260924,v2_frozen,3,0x02000000,1,success,True,True,264.67,7.01514,69.88673,69.95253,0.0
popcount32,20260924,v2_frozen,4,0x00000010,1,success,True,True,264.67,7.01514,69.88673,69.95253,0.0
popcount32,20260924,v2_frozen,5,0x7d800000,7,success,True,True,264.67,7.02172,69.95253,69.95253,0.0
popcount32,20260924,v2_frozen,6,0x78888000,7,success,True,False,264.67,7.02172,69.95253,69.95253,0.0
popcount32,20260924,v2_frozen,7,0x00000008,1,success,True,True,264.67,7.01514,69.88673,69.95253,0.0
popcount32,20260924,v2_frozen,8,0x7ffe8000,15,success,True,True,264.67,7.02172,69.95253,69.95253,0.0
popcount32,20260924,v2_frozen,9,0x00900080,3,success,True,False,264.67,7.01514,69.88673,69.95253,0.0
popcount32,20260924,v2_frozen,10,0x7e800000,7,success,True,True,264.67,7.02172,69.95253,69.95253,0.0
popcount32,20260924,v2_frozen,11,0x7ffa8080,15,success,True,True,264.67,7.02172,69.95253,69.95253,0.0
popcount32,20260924,v2_frozen,12,0x7fffff89,26,success,True,False,264.67,7.02172,69.95253,69.95253,0.0
popcount32,20260924,v2_frozen,13,0x7ffc1040,15,success,True,True,264.67,7.02172,69.95253,69.95253,0.0
popcount32,20260924,v2_frozen,14,0x69821000,7,success,True,True,264.67,7.02172,69.95253,69.95253,0.0
popcount32,20260924,v2_frozen,15,0x7c808000,7,success,True,True,264.67,7.02172,69.95253,69.95253,0.0
popcount32,20260924,v2_frozen,16,0x00000800,1,success,True,True,264.67,7.01514,69.88673,69.95253,0.0
popcount32,20260924,count_matched_uniform,1,0x00000020,1,success,True,False,264.67,7.01514,69.88673,69.95253,0.0
popcount32,20260924,count_matched_uniform,2,0x40946b7d,15,success,True,False,264.67,7.01514,69.88673,69.95253,0.0
popcount32,20260924,count_matched_uniform,3,0x10000000,1,success,True,True,264.67,7.01514,69.88673,69.95253,0.0
popcount32,20260924,count_matched_uniform,4,0x00000004,1,success,True,False,264.67,7.01514,69.88673,69.95253,0.0
popcount32,20260924,count_matched_uniform,5,0x00004000,1,success,True,False,264.67,7.01514,69.88673,69.95253,0.0
popcount32,20260924,count_matched_uniform,6,0x050b0300,7,success,True,False,264.67,7.02172,69.95253,69.95253,0.0
popcount32,20260924,count_matched_uniform,7,0x00000002,1,success,True,False,264.67,7.01514,69.88673,69.95253,0.0
popcount32,20260924,count_matched_uniform,8,0x63acec41,15,success,True,False,264.67,7.02172,69.95253,69.95253,0.0
popcount32,20260924,count_matched_uniform,9,0x00002000,1,success,True,False,264.67,7.01514,69.88673,69.95253,0.0
popcount32,20260924,count_matched_uniform,10,0x520820a0,7,success,True,False,264.67,7.02172,69.95253,69.95253,0.0
popcount32,20260924,count_matched_uniform,11,0x30000002,3,success,True,False,264.67,7.02172,69.95253,69.95253,0.0
popcount32,20260924,count_matched_uniform,12,0x37f7fbbf,26,success,True,False,264.67,7.02172,69.95253,69.95253,0.0
popcount32,20260924,count_matched_uniform,13,0x305725f8,15,success,True,False,264.67,7.01514,69.88673,69.95253,0.0
popcount32,20260924,count_matched_uniform,14,0x0002ba10,7,success,True,False,264.67,7.02172,69.95253,69.95253,0.0
popcount32,20260924,count_matched_uniform,15,0x00010000,1,success,True,False,264.67,7.01514,69.88673,69.95253,0.0
popcount32,20260924,count_matched_uniform,16,0x00000800,1,success,True,True,264.67,7.01514,69.88673,69.95253,0.0
popcount32,20260925,v1_learn,1,0x0a90a8ca,11,success,True,False,264.67,7.02172,69.95253,69.95253,0.0
popcount32,20260925,v1_learn,2,0x088400c2,6,success,True,False,264.67,7.02172,69.95253,69.95253,0.0
popcount32,20260925,v1_learn,3,0x00c10289,7,success,True,False,264.67,7.02172,69.95253,69.95253,0.0
popcount32,20260925,v1_learn,4,0x40a189a8,10,success,True,False,264.67,7.02172,69.95253,69.95253,0.0
popcount32,20260925,v1_learn,5,0x0aa00020,5,success,True,False,264.67,7.01514,69.88673,69.95253,0.0
popcount32,20260925,v1_learn,6,0x088288f0,9,success,True,False,264.67,7.02172,69.95253,69.95253,0.0
popcount32,20260925,v1_learn,7,0x20880008,4,success,True,False,264.67,7.01514,69.88673,69.95253,0.0
popcount32,20260925,v1_learn,8,0x19022080,6,success,True,False,264.67,7.02172,69.95253,69.95253,0.0
popcount32,20260925,v1_learn,9,0x50801080,5,success,True,False,264.67,7.02172,69.95253,69.95253,0.0
popcount32,20260925,v1_learn,10,0x73c8a88c,14,success,True,False,264.67,7.01514,69.88673,69.95253,0.0
popcount32,20260925,v1_learn,11,0x2980a804,8,success,True,False,264.67,7.02172,69.95253,69.95253,0.0
popcount32,20260925,v1_learn,12,0x42a8c0a4,10,success,True,False,264.67,7.02172,69.95253,69.95253,0.0
popcount32,20260925,v1_learn,13,0x00848486,7,success,True,False,264.67,7.02172,69.95253,69.95253,0.0
popcount32,20260925,v1_learn,14,0x40e86880,9,success,True,False,264.67,7.02172,69.95253,69.95253,0.0
popcount32,20260925,v1_learn,15,0x0084a5be,12,success,True,False,264.67,7.02172,69.95253,69.95253,0.0
popcount32,20260925,v1_learn,16,0x200a8880,6,success,True,False,264.67,7.01514,69.88673,69.95253,0.0
popcount32,20260925,v2_learn,1,0x00000002,1,success,True,True,264.67,7.01514,69.88673,69.95253,0.0
popcount32,20260925,v2_learn,2,0x00000020,1,success,True,True,264.67,7.01514,69.88673,69.95253,0.0
popcount32,20260925,v2_learn,3,0x20000000,1,success,True,False,264.67,7.01514,69.88673,69.95253,0.0
popcount32,20260925,v2_learn,4,0x5d840000,7,success,True,False,264.67,7.02172,69.95253,69.95253,0.0
popcount32,20260925,v2_learn,5,0x00000800,1,success,True,True,264.67,7.01514,69.88673,69.95253,0.0
popcount32,20260925,v2_learn,6,0x30bc0000,7,success,True,False,264.67,7.02172,69.95253,69.95253,0.0
popcount32,20260925,v2_learn,7,0x7ffb0800,15,success,True,True,264.67,7.02172,69.95253,69.95253,0.0
popcount32,20260925,v2_learn,8,0x7ffc8800,15,success,True,False,264.67,7.02172,69.95253,69.95253,0.0
popcount32,20260925,v2_learn,9,0x7e800000,7,success,True,True,264.67,7.02172,69.95253,69.95253,0.0
popcount32,20260925,v2_learn,10,0x1c20a800,7,success,True,False,264.67,7.02172,69.95253,69.95253,0.0
popcount32,20260925,v2_learn,11,0x40000000,1,success,True,True,264.67,7.02172,69.95253,69.95253,0.0
popcount32,20260925,v2_learn,12,0x7ffa8800,15,success,True,False,264.67,7.02172,69.95253,69.95253,0.0
popcount32,20260925,v2_learn,13,0x7c000280,7,success,True,False,264.67,7.02172,69.95253,69.95253,0.0
popcount32,20260925,v2_learn,14,0x02000000,1,success,True,True,264.67,7.01514,69.88673,69.95253,0.0
popcount32,20260925,v2_learn,15,0x08868090,7,success,True,False,264.67,7.02172,69.95253,69.95253,0.0
popcount32,20260925,v2_learn,16,0x78902000,7,success,True,False,264.67,7.02172,69.95253,69.95253,0.0
popcount32,20260925,v2_frozen,1,0x00000002,1,success,True,True,264.67,7.01514,69.88673,69.95253,0.0
popcount32,20260925,v2_frozen,2,0x00000020,1,success,True,True,264.67,7.01514,69.88673,69.95253,0.0
popcount32,20260925,v2_frozen,3,0x20000000,1,success,True,True,264.67,7.01514,69.88673,69.95253,0.0
popcount32,20260925,v2_frozen,4,0x5d840000,7,success,True,True,264.67,7.02172,69.95253,69.95253,0.0
popcount32,20260925,v2_frozen,5,0x00000800,1,success,True,True,264.67,7.01514,69.88673,69.95253,0.0
popcount32,20260925,v2_frozen,6,0x30bc0000,7,success,True,True,264.67,7.02172,69.95253,69.95253,0.0
popcount32,20260925,v2_frozen,7,0x7ffb0800,15,success,True,True,264.67,7.02172,69.95253,69.95253,0.0
popcount32,20260925,v2_frozen,8,0x7ffc8800,15,success,True,True,264.67,7.02172,69.95253,69.95253,0.0
popcount32,20260925,v2_frozen,9,0x7e800000,7,success,True,True,264.67,7.02172,69.95253,69.95253,0.0
popcount32,20260925,v2_frozen,10,0x0000b000,3,success,True,False,264.67,7.02172,69.95253,69.95253,0.0
popcount32,20260925,v2_frozen,11,0x40000000,1,success,True,True,264.67,7.02172,69.95253,69.95253,0.0
popcount32,20260925,v2_frozen,12,0x7ffa8800,15,success,True,True,264.67,7.02172,69.95253,69.95253,0.0
popcount32,20260925,v2_frozen,13,0x7c000280,7,success,True,True,264.67,7.02172,69.95253,69.95253,0.0
popcount32,20260925,v2_frozen,14,0x02000000,1,success,True,True,264.67,7.01514,69.88673,69.95253,0.0
popcount32,20260925,v2_frozen,15,0x000080a0,3,success,True,False,264.67,7.01514,69.88673,69.95253,0.0
popcount32,20260925,v2_frozen,16,0x08808000,3,success,True,False,264.67,7.01514,69.88673,69.95253,0.0
popcount32,20260925,count_matched_uniform,1,0x00000001,1,success,True,False,264.67,7.02172,69.95253,69.95253,0.0
popcount32,20260925,count_matched_uniform,2,0x00080006,3,success,True,False,264.67,7.02172,69.95253,69.95253,0.0
popcount32,20260925,count_matched_uniform,3,0x00000800,1,success,True,True,264.67,7.01514,69.88673,69.95253,0.0
popcount32,20260925,count_matched_uniform,4,0x05618080,7,success,True,False,264.67,7.02172,69.95253,69.95253,0.0
popcount32,20260925,count_matched_uniform,5,0x214a3ed6,15,success,True,False,264.67,7.02172,69.95253,69.95253,0.0
popcount32,20260925,count_matched_uniform,6,0x13440003,7,success,True,False,264.67,7.02172,69.95253,69.95253,0.0
popcount32,20260925,count_matched_uniform,7,0x4a151f6a,15,success,True,False,264.67,7.02172,69.95253,69.95253,0.0
popcount32,20260925,count_matched_uniform,8,0x7517ec10,15,success,True,False,264.67,7.01514,69.88673,69.95253,0.0
popcount32,20260925,count_matched_uniform,9,0x40a90088,7,success,True,False,264.67,7.02172,69.95253,69.95253,0.0
popcount32,20260925,count_matched_uniform,10,0x20001002,3,success,True,False,264.67,7.01514,69.88673,69.95253,0.0
popcount32,20260925,count_matched_uniform,11,0x00004000,1,success,True,True,264.67,7.01514,69.88673,69.95253,0.0
popcount32,20260925,count_matched_uniform,12,0x40208000,3,success,True,False,264.67,7.02172,69.95253,69.95253,0.0
popcount32,20260925,count_matched_uniform,13,0x1211008a,7,success,True,False,264.67,7.01514,69.88673,69.95253,0.0
popcount32,20260925,count_matched_uniform,14,0x10000000,1,success,True,True,264.67,7.01514,69.88673,69.95253,0.0
popcount32,20260925,count_matched_uniform,15,0x0004000c,3,success,True,False,264.67,7.02172,69.95253,69.95253,0.0
popcount32,20260925,count_matched_uniform,16,0x10024000,3,success,True,False,264.67,7.01514,69.88673,69.95253,0.0
priority32,20260923,v1_learn,1,0x04983900,8,success,True,False,199.234,7.61547,75.955466,76.677648,0.0
priority32,20260923,v1_learn,2,0x020e0289,8,success,True,False,200.83,7.61433,75.94247,76.677648,0.0
priority32,20260923,v1_learn,3,0x420aa2b2,11,success,True,False,197.904,7.68299,76.631996,76.677648,0.0
priority32,20260923,v1_learn,4,0x084084ea,9,success,True,False,193.914,7.55695,75.375586,76.677648,0.0
priority32,20260923,v1_learn,5,0x1b33ba9e,18,success,True,False,201.096,7.65572,76.356104,76.677648,0.0
priority32,20260923,v1_learn,6,0x5a832818,11,success,True,False,192.318,7.59172,75.724882,76.677648,0.0
priority32,20260923,v1_learn,7,0x000e8190,7,success,True,False,199.5,7.62266,76.0271,76.677648,0.0
priority32,20260923,v1_learn,8,0x1188db84,12,success,True,False,202.692,7.64343,76.231608,76.677648,0.0
priority32,20260923,v1_learn,9,0x1462a8b6,13,success,True,False,203.756,7.67184,76.514644,76.677648,0.0
priority32,20260923,v1_learn,10,0x02a81981,9,success,True,False,210.14,7.62203,76.01016,76.677648,0.0
priority32,20260923,v1_learn,11,0x0132b2b8,12,success,True,False,202.692,7.65562,76.353508,76.677648,0.0
priority32,20260923,v1_learn,12,0x12c68081,9,success,True,False,194.712,7.65246,76.329888,76.677648,0.0
priority32,20260923,v1_learn,13,0x11b8d2f0,14,success,True,False,205.618,7.63092,76.103582,76.677648,0.0
priority32,20260923,v1_learn,14,0x036c20a0,9,success,True,False,200.032,7.66027,76.402668,76.677648,0.0
priority32,20260923,v1_learn,15,0x02f0b1b4,13,success,True,False,201.096,7.56387,75.437604,76.677648,0.0
priority32,20260923,v1_learn,16,0x71182090,9,success,True,False,198.436,7.58339,75.635464,76.677648,0.0
priority32,20260923,v2_learn,1,0x10000000,1,success,True,False,206.416,7.6371,76.164584,76.677648,0.0
priority32,20260923,v2_learn,2,0x00080000,1,success,True,False,204.554,7.64878,76.283246,76.677648,0.0
priority32,20260923,v2_learn,3,0x00000200,1,success,True,False,214.928,7.62783,76.063372,76.677648,0.0
priority32,20260923,v2_learn,4,0x02000000,1,success,True,False,201.362,7.5961,75.759638,76.677648,0.0
priority32,20260923,v2_learn,5,0x00000800,1,success,True,False,216.79,7.65169,76.30011,76.677648,0.0
priority32,20260923,v2_learn,6,0x7a808000,7,success,True,False,213.332,7.64215,76.208168,76.677648,0.0
priority32,20260923,v2_learn,7,0x7fdd8800,15,success,True,False,209.874,7.64586,76.248726,76.677648,0.0
priority32,20260923,v2_learn,8,0x08000000,1,success,True,False,210.406,7.596,75.749594,76.677648,0.0
priority32,20260923,v2_learn,9,0x7fffb084,20,success,True,False,190.19,7.54774,75.28721,76.677648,0.0
priority32,20260923,v2_learn,10,0x7fffff8a,26,success,True,False,197.638,7.66784,76.480762,76.677648,0.0
priority32,20260923,v2_learn,11,0x7ffe8000,15,success,True,False,204.82,7.63058,76.10098,76.677648,0.0
priority32,20260923,v2_learn,12,0x00040000,1,success,True,False,210.938,7.62606,76.049662,76.677648,0.0
priority32,20260923,v2_learn,13,0x7fee8040,15,success,True,False,204.288,7.64222,76.217912,76.677648,0.0
priority32,20260923,v2_learn,14,0x40000000,1,success,True,False,205.086,7.64547,76.249614,76.677648,0.0
priority32,20260923,v2_learn,15,0x62408808,7,success,True,False,208.278,7.67001,76.491822,76.677648,0.0
priority32,20260923,v2_learn,16,0x76900000,7,success,True,False,200.564,7.62379,76.037336,76.677648,0.0
priority32,20260923,v2_frozen,1,0x10000000,1,success,True,True,206.416,7.6371,76.164584,76.677648,0.0
priority32,20260923,v2_frozen,2,0x00080000,1,success,True,True,204.554,7.64878,76.283246,76.677648,0.0
priority32,20260923,v2_frozen,3,0x00000200,1,success,True,True,214.928,7.62783,76.063372,76.677648,0.0
priority32,20260923,v2_frozen,4,0x02000000,1,success,True,True,201.362,7.5961,75.759638,76.677648,0.0
priority32,20260923,v2_frozen,5,0x00000800,1,success,True,True,216.79,7.65169,76.30011,76.677648,0.0
priority32,20260923,v2_frozen,6,0x7a808000,7,success,True,True,213.332,7.64215,76.208168,76.677648,0.0
priority32,20260923,v2_frozen,7,0x7fdd8400,15,success,True,False,197.904,7.5969,75.771096,76.677648,0.0
priority32,20260923,v2_frozen,8,0x08000000,1,success,True,True,210.406,7.596,75.749594,76.677648,0.0
priority32,20260923,v2_frozen,9,0x7fea8208,15,success,True,False,211.47,7.66602,76.44873,76.677648,0.0
priority32,20260923,v2_frozen,10,0x7fff0000,15,success,True,False,204.82,7.62218,76.01698,76.677648,0.0
priority32,20260923,v2_frozen,11,0x7ffe8000,15,success,True,True,204.82,7.63058,76.10098,76.677648,0.0
priority32,20260923,v2_frozen,12,0x00010000,1,success,True,False,211.204,7.62347,76.023496,76.677648,0.0
priority32,20260923,v2_frozen,13,0x00100000,1,success,True,False,211.736,7.643,76.218264,76.677648,0.0
priority32,20260923,v2_frozen,14,0x00001000,1,success,True,False,205.086,7.56992,75.494114,76.677648,0.0
priority32,20260923,v2_frozen,15,0x00000008,1,success,True,False,227.962,7.65491,76.321138,76.677648,0.0
priority32,20260923,v2_frozen,16,0x01000000,1,success,True,False,225.302,7.66036,76.378298,76.677648,0.0
priority32,20260923,count_matched_uniform,1,0x40000000,1,success,True,True,205.086,7.64547,76.249614,76.677648,0.0
priority32,20260923,count_matched_uniform,2,0x00100000,1,success,True,True,211.736,7.643,76.218264,76.677648,0.0
priority32,20260923,count_matched_uniform,3,0x00000400,1,success,True,False,217.854,7.63836,76.165746,76.677648,0.0
priority32,20260923,count_matched_uniform,4,0x52008007,7,success,True,False,210.14,7.62305,76.02036,76.677648,0.0
priority32,20260923,count_matched_uniform,5,0x00001000,1,success,True,True,205.086,7.56992,75.494114,76.677648,0.0
priority32,20260923,count_matched_uniform,6,0x18a24800,7,success,True,False,208.012,7.60096,75.801588,76.677648,0.0
priority32,20260923,count_matched_uniform,7,0x00000010,1,success,True,False,218.652,7.61749,75.956248,76.677648,0.0
priority32,20260923,count_matched_uniform,8,0x01000000,1,success,True,True,225.302,7.66036,76.378298,76.677648,0.0
priority32,20260923,count_matched_uniform,9,0x00000002,1,success,True,False,203.49,7.60613,75.85781,76.677648,0.0
priority32,20260923,count_matched_uniform,10,0x50b9163b,15,success,True,False,194.18,7.57166,75.52242,76.677648,0.0
priority32,20260923,count_matched_uniform,11,0x4e908ced,15,success,True,False,194.712,7.66049,76.410188,76.677648,0.0
priority32,20260923,count_matched_uniform,12,0x00200000,1,success,True,False,203.49,7.60194,75.81591,76.677648,0.0
priority32,20260923,count_matched_uniform,13,0x00400000,1,success,True,False,225.036,7.68072,76.582164,76.677648,0.0
priority32,20260923,count_matched_uniform,14,0x10000000,1,success,True,True,206.416,7.6371,76.164584,76.677648,0.0
priority32,20260923,count_matched_uniform,15,0x243e969a,15,success,True,False,204.022,7.54836,75.279578,76.677648,0.0
priority32,20260923,count_matched_uniform,16,0x0a76e2ac,15,success,True,False,201.096,7.65877,76.386604,76.677648,0.0
priority32,20260924,v1_learn,1,0x089489c6,11,success,True,False,200.564,7.67732,76.572636,76.677648,0.0
priority32,20260924,v1_learn,2,0x6e9a81c9,15,success,True,False,194.712,7.59057,75.710988,76.677648,0.0
priority32,20260924,v1_learn,3,0x2277f21c,16,success,True,False,201.894,7.63099,76.108006,76.677648,0.0
priority32,20260924,v1_learn,4,0x0011a62a,9,success,True,False,216.258,7.68875,76.671242,76.677648,0.0
priority32,20260924,v1_learn,5,0x09903ac3,12,success,True,False,195.244,7.6286,76.090756,76.677648,0.0
priority32,20260924,v1_learn,6,0x202445ee,12,success,True,False,199.5,7.64532,76.2537,76.677648,0.0
priority32,20260924,v1_learn,7,0x0825ae86,12,success,True,False,202.692,7.66812,76.478508,76.677648,0.0
priority32,20260924,v1_learn,8,0x0908198e,10,success,True,False,198.702,7.65771,76.378398,76.677648,0.0
priority32,20260924,v1_learn,9,0x2dd58a34,15,success,True,False,198.702,7.68431,76.644398,76.677648,0.0
priority32,20260924,v1_learn,10,0x00a002a0,5,success,True,False,205.618,7.58821,75.676482,76.677648,0.0
priority32,20260924,v1_learn,11,0x2846863a,12,success,True,False,203.756,7.66628,76.459044,76.677648,0.0
priority32,20260924,v1_learn,12,0x1885aa12,11,success,True,False,196.574,7.61769,75.980326,76.677648,0.0
priority32,20260924,v1_learn,13,0x21c7e916,15,success,True,False,202.958,7.6473,76.270042,76.677648,0.0
priority32,20260924,v1_learn,14,0x2c512e96,14,success,True,False,199.234,7.60791,75.879866,76.677648,0.0
priority32,20260924,v1_learn,15,0x080e86cb,12,success,True,False,208.81,7.66611,76.45229,76.677648,0.0
priority32,20260924,v1_learn,16,0x4049c6aa,12,success,True,False,200.298,7.59175,75.717202,76.677648,0.0
priority32,20260924,v2_learn,1,0x00002000,1,success,True,False,211.736,7.65976,76.385864,76.677648,0.0
priority32,20260924,v2_learn,2,0x7f800000,8,success,True,False,218.386,7.63698,76.151414,76.677648,0.0
priority32,20260924,v2_learn,3,0x04000000,1,success,True,False,216.524,7.61254,75.908876,76.677648,0.0
priority32,20260924,v2_learn,4,0x00000008,1,success,True,True,227.962,7.65491,76.321138,76.677648,0.0
priority32,20260924,v2_learn,5,0x00004000,1,success,True,False,217.056,7.63723,76.155244,76.677648,0.0
priority32,20260924,v2_learn,6,0x7ff8a200,15,success,True,False,195.51,7.59524,75.75689,76.677648,0.0
priority32,20260924,v2_learn,7,0x00000200,1,success,True,True,214.928,7.62783,76.063372,76.677648,0.0
priority32,20260924,v2_learn,8,0x7a808000,7,success,True,True,213.332,7.64215,76.208168,76.677648,0.0
priority32,20260924,v2_learn,9,0x588a0080,7,success,True,False,205.352,7.61191,75.913748,76.677648,0.0
priority32,20260924,v2_learn,10,0x00400000,1,success,True,True,225.036,7.68072,76.582164,76.677648,0.0
priority32,20260924,v2_learn,11,0x7ffa8080,15,success,True,False,195.244,7.6383,76.187756,76.677648,0.0
priority32,20260924,v2_learn,12,0x7e800000,7,success,True,False,201.362,7.61041,75.902738,76.677648,0.0
priority32,20260924,v2_learn,13,0x00000001,1,success,True,False,207.214,7.61351,75.927886,76.677648,0.0
priority32,20260924,v2_learn,14,0x69808800,7,success,True,False,202.16,7.64514,76.24924,76.677648,0.0
priority32,20260924,v2_learn,15,0x7c808000,7,success,True,False,203.756,7.62767,76.072944,76.677648,0.0
priority32,20260924,v2_learn,16,0x00000800,1,success,True,True,216.79,7.65169,76.30011,76.677648,0.0
priority32,20260924,v2_frozen,1,0x00002000,1,success,True,True,211.736,7.65976,76.385864,76.677648,0.0
priority32,20260924,v2_frozen,2,0x7fff0000,15,success,True,True,204.82,7.62218,76.01698,76.677648,0.0
priority32,20260924,v2_frozen,3,0x04000000,1,success,True,True,216.524,7.61254,75.908876,76.677648,0.0
priority32,20260924,v2_frozen,4,0x00000008,1,success,True,True,227.962,7.65491,76.321138,76.677648,0.0
priority32,20260924,v2_frozen,5,0x7ffd8000,15,success,True,False,206.15,7.57757,75.56955,76.677648,0.0
priority32,20260924,v2_frozen,6,0x7ff8a200,15,success,True,True,195.51,7.59524,75.75689,76.677648,0.0
priority32,20260924,v2_frozen,7,0x00000200,1,success,True,True,214.928,7.62783,76.063372,76.677648,0.0
priority32,20260924,v2_frozen,8,0x7a808000,7,success,True,True,213.332,7.64215,76.208168,76.677648,0.0
priority32,20260924,v2_frozen,9,0x588a0080,7,success,True,True,205.352,7.61191,75.913748,76.677648,0.0
priority32,20260924,v2_frozen,10,0x00400000,1,success,True,True,225.036,7.68072,76.582164,76.677648,0.0
priority32,20260924,v2_frozen,11,0x10000000,1,success,True,True,206.416,7.6371,76.164584,76.677648,0.0
priority32,20260924,v2_frozen,12,0x7ffe8000,15,success,True,True,204.82,7.63058,76.10098,76.677648,0.0
priority32,20260924,v2_frozen,13,0x00000001,1,success,True,True,207.214,7.61351,75.927886,76.677648,0.0
priority32,20260924,v2_frozen,14,0x7fe9a080,15,success,True,False,205.884,7.62634,76.057516,76.677648,0.0
priority32,20260924,v2_frozen,15,0x7c808000,7,success,True,True,203.756,7.62767,76.072944,76.677648,0.0
priority32,20260924,v2_frozen,16,0x00000400,1,success,True,True,217.854,7.63836,76.165746,76.677648,0.0
priority32,20260924,count_matched_uniform,1,0x00000020,1,success,True,False,207.746,7.57672,75.559454,76.677648,0.0
priority32,20260924,count_matched_uniform,2,0x00522141,7,success,True,False,201.628,7.61667,75.965072,76.677648,0.0
priority32,20260924,count_matched_uniform,3,0x10000000,1,success,True,True,206.416,7.6371,76.164584,76.677648,0.0
priority32,20260924,count_matched_uniform,4,0x00000004,1,success,True,False,227.43,7.63133,76.08587,76.677648,0.0
priority32,20260924,count_matched_uniform,5,0x00004000,1,success,True,True,217.056,7.63723,76.155244,76.677648,0.0
priority32,20260924,count_matched_uniform,6,0x076bab0c,15,success,True,False,212.534,7.66404,76.427866,76.677648,0.0
priority32,20260924,count_matched_uniform,7,0x00000002,1,success,True,True,203.49,7.60613,75.85781,76.677648,0.0
priority32,20260924,count_matched_uniform,8,0x00000001,1,success,True,True,207.214,7.61351,75.927886,76.677648,0.0
priority32,20260924,count_matched_uniform,9,0x00002000,1,success,True,True,211.736,7.65976,76.385864,76.677648,0.0
priority32,20260924,count_matched_uniform,10,0x5a2c21e6,14,success,True,False,199.5,7.60653,75.8658,76.677648,0.0
priority32,20260924,count_matched_uniform,11,0x30980102,7,success,True,False,203.756,7.63221,76.118344,76.677648,0.0
priority32,20260924,count_matched_uniform,12,0x00200000,1,success,True,True,203.49,7.60194,75.81591,76.677648,0.0
priority32,20260924,count_matched_uniform,13,0x00000200,1,success,True,True,214.928,7.62783,76.063372,76.677648,0.0
priority32,20260924,count_matched_uniform,14,0x015abb1b,15,success,True,False,199.766,7.61373,75.937534,76.677648,0.0
priority32,20260924,count_matched_uniform,15,0x00010000,1,success,True,True,211.204,7.62347,76.023496,76.677648,0.0
priority32,20260924,count_matched_uniform,16,0x00000800,1,success,True,True,216.79,7.65169,76.30011,76.677648,0.0
priority32,20260925,v1_learn,1,0x0ab0a8eb,14,success,True,False,202.426,7.6797,76.594574,76.677648,0.0
priority32,20260925,v1_learn,2,0x4c8400ca,9,success,True,False,198.436,7.63592,76.160764,76.677648,0.0
priority32,20260925,v1_learn,3,0x00c102bb,10,success,True,False,195.244,7.62866,76.091356,76.677648,0.0
priority32,20260925,v1_learn,4,0x40a189a8,10,success,True,False,197.904,7.66864,76.488496,76.677648,0.0
priority32,20260925,v1_learn,5,0x0aa00528,8,success,True,False,198.968,7.54518,75.252832,76.677648,0.0
priority32,20260925,v1_learn,6,0x48828af1,12,success,True,False,201.362,7.64247,76.223338,76.677648,0.0
priority32,20260925,v1_learn,7,0x20891a88,9,success,True,False,191.52,7.65727,76.38118,76.677648,0.0
priority32,20260925,v1_learn,8,0x190aa080,8,success,True,False,198.968,7.63534,76.154432,76.677648,0.0
priority32,20260925,v1_learn,9,0x51899a80,11,success,True,False,193.648,7.57615,75.567852,76.677648,0.0
priority32,20260925,v1_learn,10,0x73d8a8ce,17,success,True,False,197.372,7.65713,76.373928,76.677648,0.0
priority32,20260925,v1_learn,11,0x390ae887,14,success,True,False,195.244,7.61016,75.906356,76.677648,0.0
priority32,20260925,v1_learn,12,0x42a8eaae,15,success,True,False,202.958,7.63553,76.152342,76.677648,0.0
priority32,20260925,v1_learn,13,0x0094a486,9,success,True,False,200.298,7.6761,76.560702,76.677648,0.0
priority32,20260925,v1_learn,14,0x61f968c9,16,success,True,False,193.648,7.66985,76.504852,76.677648,0.0
priority32,20260925,v1_learn,15,0x0084e5fe,14,success,True,False,191.254,7.5438,75.246746,76.677648,0.0
priority32,20260925,v1_learn,16,0x601aa880,9,success,True,False,210.672,7.67608,76.550128,76.677648,0.0
priority32,20260925,v2_learn,1,0x00000002,1,success,True,True,203.49,7.60613,75.85781,76.677648,0.0
priority32,20260925,v2_learn,2,0x00000010,1,success,True,True,218.652,7.61749,75.956248,76.677648,0.0
priority32,20260925,v2_learn,3,0x20000000,1,success,True,False,202.16,7.64324,76.23024,76.677648,0.0
priority32,20260925,v2_learn,4,0x7ffffe80,23,success,True,False,196.84,7.6481,76.28416,76.677648,0.0
priority32,20260925,v2_learn,5,0x08800800,3,success,True,False,209.608,7.62345,76.024892,76.677648,0.0
priority32,20260925,v2_learn,6,0x7fe7c000,15,success,True,False,205.086,7.63645,76.159414,76.677648,0.0
priority32,20260925,v2_learn,7,0x7ffc8080,15,success,True,False,215.726,7.69509,76.735174,76.735174,0.05752599999999575
priority32,20260925,v2_learn,8,0x00400000,1,success,True,True,225.036,7.68072,76.582164,76.735174,0.05752599999999575
priority32,20260925,v2_learn,9,0x7ffe8000,15,success,True,True,204.82,7.63058,76.10098,76.735174,0.05752599999999575
priority32,20260925,v2_learn,10,0x38208300,7,success,True,False,201.362,7.61181,75.916738,76.735174,0.05752599999999575
priority32,20260925,v2_learn,11,0x00004000,1,success,True,True,217.056,7.63723,76.155244,76.735174,0.05752599999999575
priority32,20260925,v2_learn,12,0x00000040,1,success,True,False,210.406,7.5197,74.986594,76.735174,0.05752599999999575
priority32,20260925,v2_learn,13,0x7ffc0280,15,success,True,False,198.968,7.60917,75.892732,76.735174,0.05752599999999575
priority32,20260925,v2_learn,14,0x02000000,1,success,True,True,201.362,7.5961,75.759638,76.735174,0.05752599999999575
priority32,20260925,v2_learn,15,0x7db4d088,15,success,True,False,197.372,7.65633,76.365928,76.735174,0.05752599999999575
priority32,20260925,v2_learn,16,0x7fe88884,15,success,True,False,193.648,7.62829,76.089252,76.735174,0.05752599999999575
priority32,20260925,v2_frozen,1,0x00000002,1,success,True,True,203.49,7.60613,75.85781,76.677648,0.0
priority32,20260925,v2_frozen,2,0x00000010,1,success,True,True,218.652,7.61749,75.956248,76.677648,0.0
priority32,20260925,v2_frozen,3,0x20000000,1,success,True,True,202.16,7.64324,76.23024,76.677648,0.0
priority32,20260925,v2_frozen,4,0x7fdda000,15,success,True,False,193.914,7.63637,76.169786,76.677648,0.0
priority32,20260925,v2_frozen,5,0x00000800,1,success,True,True,216.79,7.65169,76.30011,76.677648,0.0
priority32,20260925,v2_frozen,6,0x7fe5e000,15,success,True,False,205.352,7.65072,76.301848,76.677648,0.0
priority32,20260925,v2_frozen,7,0x7ffc8040,15,success,True,False,211.204,7.64537,76.242496,76.677648,0.0
priority32,20260925,v2_frozen,8,0x7ffa8080,15,success,True,True,195.244,7.6383,76.187756,76.677648,0.0
priority32,20260925,v2_frozen,9,0x7ffe8000,15,success,True,True,204.82,7.63058,76.10098,76.677648,0.0
priority32,20260925,v2_frozen,10,0x38208c00,7,success,True,False,207.746,7.6556,76.348254,76.677648,0.0
priority32,20260925,v2_frozen,11,0x40000000,1,success,True,True,205.086,7.64547,76.249614,76.677648,0.0
priority32,20260925,v2_frozen,12,0x00000020,1,success,True,True,207.746,7.57672,75.559454,76.677648,0.0
priority32,20260925,v2_frozen,13,0x7c000280,7,success,True,False,222.642,7.6551,76.328358,76.677648,0.0
priority32,20260925,v2_frozen,14,0x04000000,1,success,True,True,216.524,7.61254,75.908876,76.677648,0.0
priority32,20260925,v2_frozen,15,0x08868090,7,success,True,False,192.052,7.53927,75.200648,76.677648,0.0
priority32,20260925,v2_frozen,16,0x78881000,7,success,True,False,211.204,7.65966,76.385396,76.677648,0.0
priority32,20260925,count_matched_uniform,1,0x00000001,1,success,True,True,207.214,7.61351,75.927886,76.677648,0.0
priority32,20260925,count_matched_uniform,2,0x00081346,7,success,True,False,198.17,7.61641,75.96593,76.677648,0.0
priority32,20260925,count_matched_uniform,3,0x00000800,1,success,True,True,216.79,7.65169,76.30011,76.677648,0.0
priority32,20260925,count_matched_uniform,4,0x05ebaa91,15,success,True,False,200.564,7.6443,76.242436,76.677648,0.0
priority32,20260925,count_matched_uniform,5,0x00040000,1,success,True,True,210.938,7.62606,76.049662,76.677648,0.0
priority32,20260925,count_matched_uniform,6,0x37664683,15,success,True,False,210.672,7.64366,76.225928,76.677648,0.0
priority32,20260925,count_matched_uniform,7,0x19303a7e,15,success,True,False,196.308,7.6192,75.995692,76.677648,0.0
priority32,20260925,count_matched_uniform,8,0x61e2523b,15,success,True,False,195.776,7.6717,76.521224,76.677648,0.0
priority32,20260925,count_matched_uniform,9,0x46eb14aa,15,success,True,False,203.224,7.64905,76.287276,76.677648,0.0
priority32,20260925,count_matched_uniform,10,0x20003462,7,success,True,False,206.948,7.52194,75.012452,76.677648,0.0
priority32,20260925,count_matched_uniform,11,0x00004000,1,success,True,True,217.056,7.63723,76.155244,76.677648,0.0
priority32,20260925,count_matched_uniform,12,0x41229010,7,success,True,False,202.958,7.64972,76.294242,76.677648,0.0
priority32,20260925,count_matched_uniform,13,0x1211008a,7,success,True,False,194.446,7.603,75.835554,76.677648,0.0
priority32,20260925,count_matched_uniform,14,0x10000000,1,success,True,True,206.416,7.6371,76.164584,76.677648,0.0
priority32,20260925,count_matched_uniform,15,0x1005010e,7,success,True,False,198.436,7.57178,75.519364,76.677648,0.0
priority32,20260925,count_matched_uniform,16,0x30064009,7,success,True,False,204.288,7.55322,75.327912,76.677648,0.0
