algorithm,query,query_mask,query_boundaries,query_area,query_wns,query_reward,incumbent_mask,incumbent_reward,improvement_over_seed,frontier_size,frontier_changed,query_on_frontier
random,1,0x3ddee98e6b,25,955.206,6.71164,66.161194,0x0000000000,73.481864,0.0,3,False,False
random,2,0x3009690093,12,941.374,7.15154,70.574026,0x0000000000,73.481864,0.0,3,False,False
random,3,0x28b7b43883,18,918.764,6.80329,67.114136,0x0000000000,73.481864,0.0,3,False,False
random,4,0x59610cb1e8,17,990.85,7.18469,70.85605,0x0000000000,73.481864,0.0,3,False,False
random,5,0x5354a703a7,19,937.65,6.96559,68.71825,0x0000000000,73.481864,0.0,3,False,False
random,6,0x5b12070ae7,18,961.324,7.06906,69.729276,0x0000000000,73.481864,0.0,3,False,False
random,7,0x49e7918d96,20,963.718,6.85023,67.538582,0x0000000000,73.481864,0.0,3,False,False
random,8,0x11b3a7ac4e,20,977.018,6.88756,67.898582,0x0000000000,73.481864,0.0,3,False,False
random,9,0x3290b3c9bd,20,969.836,6.85233,67.553464,0x0000000000,73.481864,0.0,3,False,False
random,10,0x32809acd4b,17,941.64,6.99874,69.04576,0x0000000000,73.481864,0.0,3,False,False
random,11,0x76f8812739,20,963.984,6.82348,67.270816,0x0000000000,73.481864,0.0,3,False,False
random,12,0x08201d113a,12,908.39,7.01094,69.20101,0x0000000000,73.481864,0.0,3,False,False
random,13,0x6f9845ff11,22,998.83,6.98651,68.86627,0x0000000000,73.481864,0.0,3,False,False
random,14,0x440e6a325c,16,945.63,6.99559,69.01027,0x0000000000,73.481864,0.0,3,False,False
random,15,0x6c9561150a,16,933.66,6.71582,66.22454,0x0000000000,73.481864,0.0,3,False,False
random,16,0x347e6877dc,23,989.254,6.62281,65.238846,0x0000000000,73.481864,0.0,3,False,False
evolution,1,0x0001000400,2,961.058,7.26029,71.641842,0x0000000000,73.481864,0.0,3,False,False
evolution,2,0x0000040000,1,977.55,7.31627,72.18515,0x0000000000,73.481864,0.0,3,False,False
evolution,3,0x0100000000,1,911.316,7.44083,73.496984,0x0100000000,73.496984,0.015119999999996026,4,True,True
evolution,4,0x1020080200,4,954.94,7.18134,70.85846,0x0100000000,73.496984,0.015119999999996026,4,False,False
evolution,5,0x4108000000,3,890.036,7.40184,73.128364,0x0100000000,73.496984,0.015119999999996026,5,True,True
evolution,6,0x6c9561150a,16,933.66,6.71582,66.22454,0x0100000000,73.496984,0.015119999999996026,5,False,False
evolution,7,0x0000040400,2,978.88,7.21761,71.19722,0x0100000000,73.496984,0.015119999999996026,5,False,False
evolution,8,0x0101000000,2,902.538,7.3425,72.522462,0x0100000000,73.496984,0.015119999999996026,5,False,False
evolution,9,0x710a757c17,20,954.674,6.86444,67.689726,0x0100000000,73.496984,0.015119999999996026,5,False,False
evolution,10,0x0140000000,2,904.932,7.3766,72.861068,0x0100000000,73.496984,0.015119999999996026,5,False,False
evolution,11,0x0020180200,4,964.25,7.23889,71.42465,0x0100000000,73.496984,0.015119999999996026,5,False,False
evolution,12,0x0400004000,2,983.136,7.20361,71.052964,0x0100000000,73.496984,0.015119999999996026,5,False,False
evolution,13,0x4308400400,6,939.512,7.22369,71.297388,0x0100000000,73.496984,0.015119999999996026,5,False,False
evolution,14,0x4108000802,5,967.708,7.15171,70.549392,0x0100000000,73.496984,0.015119999999996026,5,False,False
evolution,15,0x0000400200,2,1018.51,7.25967,71.57819,0x0100000000,73.496984,0.015119999999996026,5,False,False
evolution,16,0x52884fb01a,16,931.798,7.00424,69.110602,0x0100000000,73.496984,0.015119999999996026,5,False,False
claude_structural,1,0x1000000000,1,933.926,7.45977,73.663774,0x1000000000,73.663774,0.18191000000000201,3,True,True
claude_structural,2,0x4000000000,1,919.828,7.45204,73.600572,0x1000000000,73.663774,0.18191000000000201,4,True,True
claude_structural,3,0x2000000000,1,941.64,7.40189,73.07726,0x1000000000,73.663774,0.18191000000000201,4,False,False
claude_structural,4,0x0800000000,1,962.654,7.43441,73.381446,0x1000000000,73.663774,0.18191000000000201,4,False,False
claude_structural,5,0x6000000000,2,913.976,7.42978,73.383824,0x1000000000,73.663774,0.18191000000000201,4,False,False
claude_structural,6,0x0400000000,1,907.592,7.42563,73.348708,0x1000000000,73.663774,0.18191000000000201,4,False,False
claude_structural,7,0x5000000000,2,859.978,7.39022,73.042222,0x1000000000,73.663774,0.18191000000000201,4,True,True
claude_structural,8,0x4800000000,2,926.212,7.43321,73.405888,0x1000000000,73.663774,0.18191000000000201,4,False,False
claude_structural,9,0x0000000004,1,1161.09,7.17337,70.57261,0x1000000000,73.663774,0.18191000000000201,4,False,False
claude_structural,10,0x1200000000,2,913.71,7.40312,73.11749,0x1000000000,73.663774,0.18191000000000201,4,False,False
claude_structural,11,0x7000000000,3,896.154,7.37991,72.902946,0x1000000000,73.663774,0.18191000000000201,4,False,False
claude_structural,12,0x1800000000,2,917.7,7.42707,73.353,0x1000000000,73.663774,0.18191000000000201,4,False,False
claude_structural,13,0x0200000000,1,878.066,7.3794,72.915934,0x1000000000,73.663774,0.18191000000000201,4,False,False
claude_structural,14,0x3000000000,2,907.592,7.33405,72.432908,0x1000000000,73.663774,0.18191000000000201,4,False,False
claude_structural,15,0x0100000000,1,911.316,7.44083,73.496984,0x1000000000,73.663774,0.18191000000000201,5,True,True
claude_structural,16,0x1000000001,2,1174.12,7.12225,70.04838,0x1000000000,73.663774,0.18191000000000201,5,False,False
reinforce_v1,1,0x000000400a,3,1055.22,7.203,70.97478,0x0000000000,73.481864,0.0,3,False,False
reinforce_v1,2,0x0480000010,3,1025.43,7.15265,70.50107,0x0000000000,73.481864,0.0,3,False,False
reinforce_v1,3,0x0000000020,1,1136.09,7.22354,71.09931,0x0000000000,73.481864,0.0,3,False,False
reinforce_v1,4,0x0000080001,2,1072.78,7.13478,70.27502,0x0000000000,73.481864,0.0,3,False,False
reinforce_v1,5,0x0040040800,3,1005.21,7.29464,71.94119,0x0000000000,73.481864,0.0,3,False,False
reinforce_v1,6,0x0080000022,3,1042.99,7.17143,70.67131,0x0000000000,73.481864,0.0,3,False,False
reinforce_v1,7,0x2100020800,4,933.128,7.20637,71.130572,0x0000000000,73.481864,0.0,3,False,False
reinforce_v1,8,0x4080803010,6,929.67,7.20848,71.15513,0x0000000000,73.481864,0.0,3,False,False
reinforce_v1,9,0x0881000000,3,892.962,7.37609,72.867938,0x0000000000,73.481864,0.0,4,True,True
reinforce_v1,10,0x008808c000,5,907.592,7.24056,71.498008,0x0000000000,73.481864,0.0,4,False,False
reinforce_v1,11,0x0100000080,2,1081.29,7.19052,70.82391,0x0000000000,73.481864,0.0,4,False,False
reinforce_v1,12,0x0000840800,3,951.216,7.34031,72.451884,0x0000000000,73.481864,0.0,4,False,False
reinforce_v1,13,0x0000006000,2,1041.12,7.24539,71.41278,0x0000000000,73.481864,0.0,4,False,False
reinforce_v1,14,0x04a4000000,4,891.366,7.3511,72.619634,0x0000000000,73.481864,0.0,5,True,True
reinforce_v1,15,0x0000000800,1,1058.15,7.23523,71.29415,0x0000000000,73.481864,0.0,5,False,False
reinforce_v1,16,0x0080000020,2,1086.61,7.15899,70.50329,0x0000000000,73.481864,0.0,5,False,False
reinforce_v2,1,0x0000000004,1,1161.09,7.17337,70.57261,0x0000000000,73.481864,0.0,3,False,False
reinforce_v2,2,0x0000000001,1,1214.29,7.10712,69.85691,0x0000000000,73.481864,0.0,3,False,False
reinforce_v2,3,0x0000010000,1,977.816,7.2639,71.661184,0x0000000000,73.481864,0.0,3,False,False
reinforce_v2,4,0x0200000000,1,878.066,7.3794,72.915934,0x0000000000,73.481864,0.0,4,True,True
reinforce_v2,5,0x0002000000,1,911.316,7.34806,72.569284,0x0000000000,73.481864,0.0,4,False,False
reinforce_v2,6,0x0000000800,1,1058.15,7.23523,71.29415,0x0000000000,73.481864,0.0,4,False,False
reinforce_v2,7,0x0010000000,1,959.196,7.45363,73.577104,0x0010000000,73.577104,0.09524000000000399,5,True,True
reinforce_v2,8,0x0000400000,1,898.548,7.30671,72.168552,0x0010000000,73.577104,0.09524000000000399,5,False,False
reinforce_v2,9,0x0000000100,1,1064.8,7.20519,70.9871,0x0010000000,73.577104,0.09524000000000399,5,False,False
reinforce_v2,10,0x0800000000,1,962.654,7.43441,73.381446,0x0010000000,73.577104,0.09524000000000399,5,False,False
reinforce_v2,11,0x1000000000,1,933.926,7.45977,73.663774,0x1000000000,73.663774,0.18191000000000201,4,True,True
reinforce_v2,12,0x0000000010,1,1106.56,7.16518,70.54524,0x1000000000,73.663774,0.18191000000000201,4,False,False
reinforce_v2,13,0x2000000000,1,941.64,7.40189,73.07726,0x1000000000,73.663774,0.18191000000000201,4,False,False
reinforce_v2,14,0x0000100000,1,904.134,7.32648,72.360666,0x1000000000,73.663774,0.18191000000000201,4,False,False
reinforce_v2,15,0x0000000400,1,1050.97,7.21941,71.14313,0x1000000000,73.663774,0.18191000000000201,4,False,False
reinforce_v2,16,0x0000000002,1,1129.44,7.17254,70.59596,0x1000000000,73.663774,0.18191000000000201,4,False,False
